timestamp,exchange,market,open,high,low,close
2018-04-05 20:23:00 UTC,bitfinex,USD-ETH,376.54,376.54,376.54,376.54
2018-04-05 20:24:00 UTC,bitfinex,USD-ETH,376.54,376.54,376.53,376.54
2018-04-05 20:25:00 UTC,bitfinex,USD-ETH,376.54,376.54,376.54,376.54
2018-04-05 20:26:00 UTC,bitfinex,USD-ETH,376.54,376.54,376.54,376.54
2018-04-05 20:27:00 UTC,bitfinex,USD-ETH,376.54,376.66,376.54,376.66
2018-04-05 20:28:00 UTC,bitfinex,USD-ETH,376.66,376.67,376.66,376.66
2018-04-05 20:29:00 UTC,bitfinex,USD-ETH,376.66,376.67,376.66,376.67
2018-04-05 20:30:00 UTC,bitfinex,USD-ETH,376.67,376.67,376.66,376.67
2018-04-05 20:31:00 UTC,bitfinex,USD-ETH,376.67,376.67,376.66,376.66
2018-04-05 20:32:00 UTC,bitfinex,USD-ETH,376.66,376.66,376.31,376.32
2018-04-05 20:33:00 UTC,bitfinex,USD-ETH,376.32,376.32,376.3,376.3
2018-04-05 20:34:00 UTC,bitfinex,USD-ETH,376.31,376.54,376.3,376.54
2018-04-05 20:35:00 UTC,bitfinex,USD-ETH,376.54,376.54,376.53,376.53
2018-04-05 20:36:00 UTC,bitfinex,USD-ETH,376.53,376.54,376.53,376.54
2018-04-05 20:37:00 UTC,bitfinex,USD-ETH,376.54,376.54,376.53,376.53
2018-04-05 20:38:00 UTC,bitfinex,USD-ETH,376.53,376.53,376.2,376.2
2018-04-05 20:39:00 UTC,bitfinex,USD-ETH,376.2,376.21,376.2,376.2
2018-04-05 20:40:00 UTC,bitfinex,USD-ETH,376.2,376.21,376.2,376.21
2018-04-05 20:41:00 UTC,bitfinex,USD-ETH,376.21,376.21,376.2,376.2
2018-04-05 20:42:00 UTC,bitfinex,USD-ETH,376.2,376.2,376.2,376.2
2018-04-05 20:43:00 UTC,bitfinex,USD-ETH,376.2,376.2,376.2,376.2
2018-04-05 20:44:00 UTC,bitfinex,USD-ETH,376.2,378.15,376.2,377.72
2018-04-05 20:45:00 UTC,bitfinex,USD-ETH,377.72,378.14,377.4,377.41
2018-04-05 20:46:00 UTC,bitfinex,USD-ETH,377.41,377.41,377.4,377.4
2018-04-05 20:47:00 UTC,bitfinex,USD-ETH,377.4,377.41,377.4,377.41
2018-04-05 20:48:00 UTC,bitfinex,USD-ETH,377.41,377.41,377.4,377.4
2018-04-05 20:49:00 UTC,bitfinex,USD-ETH,377.4,377.41,377.4,377.4
2018-04-05 20:50:00 UTC,bitfinex,USD-ETH,377.4,378.15,377.4,377.4
2018-04-05 20:51:00 UTC,bitfinex,USD-ETH,377.4,377.41,377.4,377.4
2018-04-05 20:52:00 UTC,bitfinex,USD-ETH,377.4,377.41,377.4,377.41
2018-04-05 20:53:00 UTC,bitfinex,USD-ETH,377.41,377.41,377.41,377.41
2018-04-05 20:54:00 UTC,bitfinex,USD-ETH,377.41,377.5,377.41,377.49
2018-04-05 20:55:00 UTC,bitfinex,USD-ETH,377.49,377.5,377.49,377.5
2018-04-05 20:56:00 UTC,bitfinex,USD-ETH,377.5,377.5,377.5,377.5
2018-04-05 20:57:00 UTC,bitfinex,USD-ETH,377.5,377.5,377.27,377.28
2018-04-05 20:58:00 UTC,bitfinex,USD-ETH,377.28,377.28,377.27,377.27
2018-04-05 20:59:00 UTC,bitfinex,USD-ETH,377.27,377.49,376.93,377.49
2018-04-05 21:00:00 UTC,bitfinex,USD-ETH,377.49,377.5,377.48,377.5
2018-04-05 21:01:00 UTC,bitfinex,USD-ETH,377.5,377.5,377.49,377.5
2018-04-05 21:02:00 UTC,bitfinex,USD-ETH,377.5,377.5,377.45,377.47
2018-04-05 21:03:00 UTC,bitfinex,USD-ETH,377.47,377.47,376.79,376.79
2018-04-05 21:04:00 UTC,bitfinex,USD-ETH,376.79,377.2,376.79,377.2
2018-04-05 21:05:00 UTC,bitfinex,USD-ETH,377.2,377.6,377.19,377.46
2018-04-05 21:06:00 UTC,bitfinex,USD-ETH,377.46,377.46,377.19,377.19
2018-04-05 21:07:00 UTC,bitfinex,USD-ETH,377.19,377.2,377.14,377.15
2018-04-05 21:08:00 UTC,bitfinex,USD-ETH,377.15,377.15,376.87,376.88
2018-04-05 21:09:00 UTC,bitfinex,USD-ETH,376.88,377.44,376.74,376.77
2018-04-05 21:10:00 UTC,bitfinex,USD-ETH,376.77,376.93,376.11,376.11
2018-04-05 21:11:00 UTC,bitfinex,USD-ETH,376.11,376.11,374.93,375.75
2018-04-05 21:12:00 UTC,bitfinex,USD-ETH,375.75,375.75,374.74,375
2018-04-05 21:13:00 UTC,bitfinex,USD-ETH,375.06,375.8,375.06,375.8
2018-04-05 21:14:00 UTC,bitfinex,USD-ETH,375.8,375.8,375.79,375.8
2018-04-05 21:15:00 UTC,bitfinex,USD-ETH,375.8,375.8,375.79,375.8
2018-04-05 21:16:00 UTC,bitfinex,USD-ETH,375.79,375.8,375.79,375.8
2018-04-05 21:17:00 UTC,bitfinex,USD-ETH,375.8,375.8,375.8,375.8
2018-04-05 21:18:00 UTC,bitfinex,USD-ETH,375.8,375.8,375.79,375.8
2018-04-05 21:19:00 UTC,bitfinex,USD-ETH,375.8,375.8,375.79,375.8
2018-04-05 21:20:00 UTC,bitfinex,USD-ETH,375.8,375.8,375.79,375.8
2018-04-05 21:21:00 UTC,bitfinex,USD-ETH,375.8,375.8,375.8,375.8
2018-04-05 21:22:00 UTC,bitfinex,USD-ETH,375.8,375.8,375.79,375.8
2018-04-05 21:23:00 UTC,bitfinex,USD-ETH,375.8,375.8,375.61,375.69
2018-04-05 21:24:00 UTC,bitfinex,USD-ETH,375.69,375.69,375.61,375.61
2018-04-05 21:25:00 UTC,bitfinex,USD-ETH,375.61,375.62,375.61,375.62
2018-04-05 21:26:00 UTC,bitfinex,USD-ETH,375.62,375.62,375.61,375.62
2018-04-05 21:27:00 UTC,bitfinex,USD-ETH,375.62,375.62,375.61,375.62
2018-04-05 21:28:00 UTC,bitfinex,USD-ETH,375.62,375.62,375.61,375.62
2018-04-05 21:29:00 UTC,bitfinex,USD-ETH,375.62,375.62,375.51,375.51
2018-04-05 21:30:00 UTC,bitfinex,USD-ETH,375.51,375.51,375.43,375.44
2018-04-05 21:31:00 UTC,bitfinex,USD-ETH,375.44,375.44,375.43,375.44
2018-04-05 21:32:00 UTC,bitfinex,USD-ETH,375.44,375.44,375.43,375.43
2018-04-05 21:33:00 UTC,bitfinex,USD-ETH,375.43,375.44,375.43,375.44
2018-04-05 21:34:00 UTC,bitfinex,USD-ETH,375.44,375.44,375.43,375.43
2018-04-05 21:35:00 UTC,bitfinex,USD-ETH,375.43,375.44,375.43,375.44
2018-04-05 21:36:00 UTC,bitfinex,USD-ETH,375.44,375.44,375.44,375.44
2018-04-05 21:37:00 UTC,bitfinex,USD-ETH,375.44,375.44,375.43,375.43
2018-04-05 21:38:00 UTC,bitfinex,USD-ETH,375.43,375.43,375.41,375.42
2018-04-05 21:39:00 UTC,bitfinex,USD-ETH,375.42,375.42,375.41579895,375.41579895
2018-04-05 21:40:00 UTC,bitfinex,USD-ETH,375.41579895,375.42,375.41,375.42
2018-04-05 21:41:00 UTC,bitfinex,USD-ETH,375.42,375.42,374.48,375.17
2018-04-05 21:42:00 UTC,bitfinex,USD-ETH,375.17,376.39,375.16,376.34
2018-04-05 21:43:00 UTC,bitfinex,USD-ETH,376.34,376.39,376.34,376.37
2018-04-05 21:44:00 UTC,bitfinex,USD-ETH,376.37,376.38,376.37,376.38
2018-04-05 21:45:00 UTC,bitfinex,USD-ETH,376.38,376.38,376.38,376.38
2018-04-05 21:46:00 UTC,bitfinex,USD-ETH,376.38,376.38,374.95,375.4
2018-04-05 21:47:00 UTC,bitfinex,USD-ETH,375.4,375.41,375.4,375.4
2018-04-05 21:48:00 UTC,bitfinex,USD-ETH,375.4,375.4,375.14,375.15
2018-04-05 21:49:00 UTC,bitfinex,USD-ETH,375.15,375.15,374.53,374.54
2018-04-05 21:50:00 UTC,bitfinex,USD-ETH,374.54,374.92,374.53,374.92
2018-04-05 21:51:00 UTC,bitfinex,USD-ETH,374.92,374.92,374.91,374.92
2018-04-05 21:52:00 UTC,bitfinex,USD-ETH,374.92,374.92,374.92,374.92
2018-04-05 21:53:00 UTC,bitfinex,USD-ETH,374.92,375.0,374.92,375
2018-04-05 21:54:00 UTC,bitfinex,USD-ETH,375,375.0,375.0,375
2018-04-05 21:55:00 UTC,bitfinex,USD-ETH,375,375.48,375.0,375.48
2018-04-05 21:56:00 UTC,bitfinex,USD-ETH,375.48,375.48,375.47,375.47
2018-04-05 21:57:00 UTC,bitfinex,USD-ETH,375.47,375.47,375.47,375.47
2018-04-05 21:58:00 UTC,bitfinex,USD-ETH,375.47,375.47,375.47,375.47
2018-04-05 21:59:00 UTC,bitfinex,USD-ETH,375.47,375.87,375.47,375.48
2018-04-05 22:00:00 UTC,bitfinex,USD-ETH,375.48,375.79,375.47,375.75
2018-04-05 22:01:00 UTC,bitfinex,USD-ETH,375.75,375.75,375.75,375.75
2018-04-05 22:02:00 UTC,bitfinex,USD-ETH,375.75,376.34,375.75,376.34
2018-04-05 22:03:00 UTC,bitfinex,USD-ETH,376.34,376.99,376.34,376.99
2018-04-05 22:04:00 UTC,bitfinex,USD-ETH,376.99,377.04,376.99,377.01
2018-04-05 22:05:00 UTC,bitfinex,USD-ETH,377.01,377.01,377.01,377.01
2018-04-05 22:06:00 UTC,bitfinex,USD-ETH,377.01,377.58,377.01,377.23
2018-04-05 22:07:00 UTC,bitfinex,USD-ETH,377.23,377.72,377.23,377.7
2018-04-05 22:08:00 UTC,bitfinex,USD-ETH,377.71,377.71,377.7,377.70521828
2018-04-05 22:09:00 UTC,bitfinex,USD-ETH,377.70521828,377.71,377.7,377.7
2018-04-05 22:10:00 UTC,bitfinex,USD-ETH,377.7,377.71,377.7,377.71
2018-04-05 22:11:00 UTC,bitfinex,USD-ETH,377.71,377.71,377.7,377.7
2018-04-05 22:12:00 UTC,bitfinex,USD-ETH,377.7,377.7,377.7,377.7
2018-04-05 22:13:00 UTC,bitfinex,USD-ETH,377.7,377.99,377.7,377.99
2018-04-05 22:14:00 UTC,bitfinex,USD-ETH,377.99,378.15,377.87,378.15
2018-04-05 22:15:00 UTC,bitfinex,USD-ETH,378.15,378.15,378.01,378.02
2018-04-05 22:16:00 UTC,bitfinex,USD-ETH,378.02,378.02,378.01,378.01
2018-04-05 22:17:00 UTC,bitfinex,USD-ETH,378.01,378.15,378.01,378.15
2018-04-05 22:18:00 UTC,bitfinex,USD-ETH,378.15,378.47,378.13,378.47
2018-04-05 22:19:00 UTC,bitfinex,USD-ETH,378.47,378.47,378.46,378.47
2018-04-05 22:20:00 UTC,bitfinex,USD-ETH,378.47,378.47,378.46,378.47
2018-04-05 22:21:00 UTC,bitfinex,USD-ETH,378.47,378.5,378.46,378.5
2018-04-05 22:22:00 UTC,bitfinex,USD-ETH,378.5,379.0,378.5,379
2018-04-05 22:23:00 UTC,bitfinex,USD-ETH,379,379.49,378.99,379
2018-04-05 22:24:00 UTC,bitfinex,USD-ETH,379,379.0,378.99,378.99
2018-04-05 22:25:00 UTC,bitfinex,USD-ETH,378.99,378.99,378.24,378.25
2018-04-05 22:26:00 UTC,bitfinex,USD-ETH,378.25,379.12,378.25,379.12
2018-04-05 22:27:00 UTC,bitfinex,USD-ETH,379.12,379.12,378.5,378.5
2018-04-05 22:28:00 UTC,bitfinex,USD-ETH,378.5,378.5,377.83,377.83
2018-04-05 22:29:00 UTC,bitfinex,USD-ETH,377.83,378.65,377.83,378.64
2018-04-05 22:30:00 UTC,bitfinex,USD-ETH,378.64,379.48,378.64,379.48
2018-04-05 22:31:00 UTC,bitfinex,USD-ETH,379.48,379.49,379.48,379.48
2018-04-05 22:32:00 UTC,bitfinex,USD-ETH,379.48,379.49,379.48,379.48
2018-04-05 22:33:00 UTC,bitfinex,USD-ETH,379.48,379.48,379.48,379.48
2018-04-05 22:34:00 UTC,bitfinex,USD-ETH,379.48,379.5,379.48,379.5
2018-04-05 22:35:00 UTC,bitfinex,USD-ETH,379.5,379.84,379.5,379.83
2018-04-05 22:36:00 UTC,bitfinex,USD-ETH,379.83,380.4,379.83,380.39
2018-04-05 22:37:00 UTC,bitfinex,USD-ETH,380.39,380.92,380.39,380.91
2018-04-05 22:38:00 UTC,bitfinex,USD-ETH,380.91,380.99,379.7,379.74
2018-04-05 22:39:00 UTC,bitfinex,USD-ETH,379.74,380.86,379.65,380.86
2018-04-05 22:40:00 UTC,bitfinex,USD-ETH,380.86,380.86,380.03,380.03
2018-04-05 22:41:00 UTC,bitfinex,USD-ETH,380.03,380.79,380.03,380.79
2018-04-05 22:42:00 UTC,bitfinex,USD-ETH,380.79,380.79,379.25,379.69
2018-04-05 22:43:00 UTC,bitfinex,USD-ETH,379.69,379.69,379.68,379.68
2018-04-05 22:44:00 UTC,bitfinex,USD-ETH,379.68,380.3,379.68,379.77
2018-04-05 22:45:00 UTC,bitfinex,USD-ETH,379.77,380.98,379.77,380.93
2018-04-05 22:46:00 UTC,bitfinex,USD-ETH,380.93,380.93,380.86,380.87
2018-04-05 22:47:00 UTC,bitfinex,USD-ETH,380.87,381.8,380.87,381.52
2018-04-05 22:48:00 UTC,bitfinex,USD-ETH,381.52,381.53,380.88,380.88
2018-04-05 22:49:00 UTC,bitfinex,USD-ETH,380.88,381.35,380.88,381.34
2018-04-05 22:50:00 UTC,bitfinex,USD-ETH,381.34,381.35,381.34,381.35
2018-04-05 22:51:00 UTC,bitfinex,USD-ETH,381.35,382.36,381.35,382.36
2018-04-05 22:52:00 UTC,bitfinex,USD-ETH,382.36,382.99,382.36,382.99
2018-04-05 22:53:00 UTC,bitfinex,USD-ETH,382.99,383.93,382.98,383.87
2018-04-05 22:54:00 UTC,bitfinex,USD-ETH,383.87,384.53,383.42,383.42
2018-04-05 22:55:00 UTC,bitfinex,USD-ETH,383.42,383.42,383.11,383.13
2018-04-05 22:56:00 UTC,bitfinex,USD-ETH,383.13,383.13,382.29,382.29
2018-04-05 22:57:00 UTC,bitfinex,USD-ETH,382.29,382.3,381.36,382.29
2018-04-05 22:58:00 UTC,bitfinex,USD-ETH,382.29,383.0,382.29,382.84
2018-04-05 22:59:00 UTC,bitfinex,USD-ETH,382.91,383.0,382.91,382.98
2018-04-05 23:00:00 UTC,bitfinex,USD-ETH,382.98,383.73,382.98,383.22
2018-04-05 23:01:00 UTC,bitfinex,USD-ETH,383.22,383.27573056,382.31,382.9
2018-04-05 23:02:00 UTC,bitfinex,USD-ETH,382.9,383.0,382.71,382.71
2018-04-05 23:03:00 UTC,bitfinex,USD-ETH,382.71,383.13,382.71,382.98
2018-04-05 23:04:00 UTC,bitfinex,USD-ETH,382.98,383.76,382.97,383.33
2018-04-05 23:05:00 UTC,bitfinex,USD-ETH,383.33,384.96,383.33,384.96
2018-04-05 23:06:00 UTC,bitfinex,USD-ETH,384.95,385.65085008,384.3,384.31
2018-04-05 23:07:00 UTC,bitfinex,USD-ETH,384.09,384.24,384.09,384.23
2018-04-05 23:08:00 UTC,bitfinex,USD-ETH,384.23,384.23,384.23,384.23
2018-04-05 23:09:00 UTC,bitfinex,USD-ETH,384.23,384.79,384.23,384.43
2018-04-05 23:10:00 UTC,bitfinex,USD-ETH,384.43,384.43,383.43,383.43
2018-04-05 23:11:00 UTC,bitfinex,USD-ETH,383.43,383.43,383.42,383.43
2018-04-05 23:12:00 UTC,bitfinex,USD-ETH,383.43,383.59,383.43,383.54
2018-04-05 23:13:00 UTC,bitfinex,USD-ETH,383.54,383.54,382.93,383.06
2018-04-05 23:14:00 UTC,bitfinex,USD-ETH,383.06,383.06,382.25,382.85
2018-04-05 23:15:00 UTC,bitfinex,USD-ETH,382.85,382.85,382.6,382.61
2018-04-05 23:16:00 UTC,bitfinex,USD-ETH,382.61,383.63,382.61,383.63
2018-04-05 23:17:00 UTC,bitfinex,USD-ETH,383.63,383.99,383.2,383.22
2018-04-05 23:18:00 UTC,bitfinex,USD-ETH,383.22,383.22,382.54,382.91
2018-04-05 23:19:00 UTC,bitfinex,USD-ETH,382.91,382.91,382.9,382.91
2018-04-05 23:20:00 UTC,bitfinex,USD-ETH,382.91,382.91,381.8,381.8
2018-04-05 23:21:00 UTC,bitfinex,USD-ETH,381.8,381.81,381.8,381.81
2018-04-05 23:22:00 UTC,bitfinex,USD-ETH,381.81,381.86,381.8,381.86
2018-04-05 23:23:00 UTC,bitfinex,USD-ETH,381.86,382.03,381.85,382.03
2018-04-05 23:24:00 UTC,bitfinex,USD-ETH,382.03,383.46,381.95,382.61
2018-04-05 23:25:00 UTC,bitfinex,USD-ETH,382.61,382.61,382.09,382.28
2018-04-05 23:26:00 UTC,bitfinex,USD-ETH,382.28,382.28,382.28,382.28
2018-04-05 23:27:00 UTC,bitfinex,USD-ETH,382.28,382.78,382.27,382.74
2018-04-05 23:28:00 UTC,bitfinex,USD-ETH,382.9,383.55,382.9,383.54
2018-04-05 23:29:00 UTC,bitfinex,USD-ETH,383.54,383.55,383.12,383.12
2018-04-05 23:30:00 UTC,bitfinex,USD-ETH,383.12,383.12,382.79,382.87
2018-04-05 23:31:00 UTC,bitfinex,USD-ETH,382.87,382.87,382.87,382.87
2018-04-05 23:32:00 UTC,bitfinex,USD-ETH,382.87,382.87,382.87,382.87
2018-04-05 23:33:00 UTC,bitfinex,USD-ETH,382.87,382.87,382.87,382.87
2018-04-05 23:34:00 UTC,bitfinex,USD-ETH,382.87,382.87,382.13,382.13
2018-04-05 23:35:00 UTC,bitfinex,USD-ETH,382.13,382.13,381.86,381.99
2018-04-05 23:36:00 UTC,bitfinex,USD-ETH,381.99,382.82,381.99,382.82
2018-04-05 23:37:00 UTC,bitfinex,USD-ETH,382.82,382.82,381.97,381.97
2018-04-05 23:38:00 UTC,bitfinex,USD-ETH,381.97,381.97,381.96,381.97
2018-04-05 23:39:00 UTC,bitfinex,USD-ETH,381.97,381.97,381.97,381.97
2018-04-05 23:40:00 UTC,bitfinex,USD-ETH,381.97,381.97,381.96,381.97
2018-04-05 23:41:00 UTC,bitfinex,USD-ETH,381.97,382.76,381.97,382.57
2018-04-05 23:42:00 UTC,bitfinex,USD-ETH,382.57,383.16,382.57,383.16
2018-04-05 23:43:00 UTC,bitfinex,USD-ETH,383.16,383.16,383.15,383.15
2018-04-05 23:44:00 UTC,bitfinex,USD-ETH,383.15,383.15,383.0,383
2018-04-05 23:45:00 UTC,bitfinex,USD-ETH,383,383.01,382.81,382.9
2018-04-05 23:46:00 UTC,bitfinex,USD-ETH,382.9,382.9,382.89,382.89
2018-04-05 23:47:00 UTC,bitfinex,USD-ETH,382.89,382.9,382.89,382.9
2018-04-05 23:48:00 UTC,bitfinex,USD-ETH,382.9,382.9,382.89,382.9
2018-04-05 23:49:00 UTC,bitfinex,USD-ETH,382.9,382.9,382.89,382.89
2018-04-05 23:50:00 UTC,bitfinex,USD-ETH,382.89,383.27,382.89,383.26
2018-04-05 23:51:00 UTC,bitfinex,USD-ETH,383.26,383.27,383.26,383.26
2018-04-05 23:52:00 UTC,bitfinex,USD-ETH,383.26,383.27,383.26,383.26
2018-04-05 23:53:00 UTC,bitfinex,USD-ETH,383.26,383.26,382.58,382.58
2018-04-05 23:54:00 UTC,bitfinex,USD-ETH,382.58,382.58,382.57,382.58
2018-04-05 23:55:00 UTC,bitfinex,USD-ETH,382.58,382.65,382.57,382.65
2018-04-05 23:56:00 UTC,bitfinex,USD-ETH,382.65,382.66,382.0,382
2018-04-05 23:57:00 UTC,bitfinex,USD-ETH,382,382.0,381.88,381.89
2018-04-05 23:58:00 UTC,bitfinex,USD-ETH,381.89,381.89,380.97,380.98
2018-04-05 23:59:00 UTC,bitfinex,USD-ETH,380.98,380.99,380.98,380.99
2018-04-06 00:00:00 UTC,bitfinex,USD-ETH,380.99,381.8,380.99,381.79
2018-04-06 00:01:00 UTC,bitfinex,USD-ETH,381.79,381.79,381.35,381.36
2018-04-06 00:02:00 UTC,bitfinex,USD-ETH,381.36,381.36,381.36,381.36
2018-04-06 00:03:00 UTC,bitfinex,USD-ETH,381.36,381.36,381.36,381.36
2018-04-06 00:04:00 UTC,bitfinex,USD-ETH,381.36,382.15,381.36,382.15
2018-04-06 00:05:00 UTC,bitfinex,USD-ETH,382.15,382.15,382.14,382.14
2018-04-06 00:06:00 UTC,bitfinex,USD-ETH,382.14,382.15,382.14,382.15
2018-04-06 00:07:00 UTC,bitfinex,USD-ETH,382.15,382.15,382.15,382.15
2018-04-06 00:08:00 UTC,bitfinex,USD-ETH,382.15,382.66,382.15,382.66
2018-04-06 00:09:00 UTC,bitfinex,USD-ETH,382.66,382.66,382.65,382.66
2018-04-06 00:10:00 UTC,bitfinex,USD-ETH,382.66,382.66,382.65,382.66
2018-04-06 00:11:00 UTC,bitfinex,USD-ETH,382.66,383.03,382.12,382.14
2018-04-06 00:12:00 UTC,bitfinex,USD-ETH,382.14,383.2,381.88,382.65
2018-04-06 00:13:00 UTC,bitfinex,USD-ETH,382.65,382.65,382.0,382
2018-04-06 00:14:00 UTC,bitfinex,USD-ETH,382,382.1,382.0,382.1
2018-04-06 00:15:00 UTC,bitfinex,USD-ETH,382.1,382.1,382.09,382.1
2018-04-06 00:16:00 UTC,bitfinex,USD-ETH,382.1,382.97,382.1,382.97
2018-04-06 00:17:00 UTC,bitfinex,USD-ETH,382.97,382.98,382.43,382.44
2018-04-06 00:18:00 UTC,bitfinex,USD-ETH,382.44,382.96,382.44,382.94
2018-04-06 00:19:00 UTC,bitfinex,USD-ETH,382.94,383.98,382.94,383.97
2018-04-06 00:20:00 UTC,bitfinex,USD-ETH,383.97,383.97,383.51,383.52
2018-04-06 00:21:00 UTC,bitfinex,USD-ETH,383.52,383.97,383.51,383.97
2018-04-06 00:22:00 UTC,bitfinex,USD-ETH,383.97,383.98,383.97,383.98
2018-04-06 00:23:00 UTC,bitfinex,USD-ETH,383.98,383.98,383.61,383.61
2018-04-06 00:24:00 UTC,bitfinex,USD-ETH,383.61,383.61,383.51,383.51
2018-04-06 00:25:00 UTC,bitfinex,USD-ETH,383.51,383.52,383.51,383.51
2018-04-06 00:26:00 UTC,bitfinex,USD-ETH,383.51,383.52,383.51,383.52
2018-04-06 00:27:00 UTC,bitfinex,USD-ETH,383.52,383.52,383.51,383.52
2018-04-06 00:28:00 UTC,bitfinex,USD-ETH,383.52,383.96,383.51,383.93
2018-04-06 00:29:00 UTC,bitfinex,USD-ETH,383.93,383.94,383.93,383.93
2018-04-06 00:30:00 UTC,bitfinex,USD-ETH,383.93,383.94,383.93,383.93
2018-04-06 00:31:00 UTC,bitfinex,USD-ETH,383.93,383.95,383.58,383.58
2018-04-06 00:32:00 UTC,bitfinex,USD-ETH,383.58,383.58,383.57,383.57
2018-04-06 00:33:00 UTC,bitfinex,USD-ETH,383.57,383.57,382.84,382.84
2018-04-06 00:34:00 UTC,bitfinex,USD-ETH,382.84,383.62,382.84,383.57
2018-04-06 00:35:00 UTC,bitfinex,USD-ETH,383.32,383.32,383.31,383.32
2018-04-06 00:36:00 UTC,bitfinex,USD-ETH,383.32,383.32,383.31,383.31
2018-04-06 00:37:00 UTC,bitfinex,USD-ETH,383.31,383.32,383.31,383.32
2018-04-06 00:38:00 UTC,bitfinex,USD-ETH,383.32,383.32,383.31,383.32
2018-04-06 00:39:00 UTC,bitfinex,USD-ETH,383.32,383.32,383.31,383.31
2018-04-06 00:40:00 UTC,bitfinex,USD-ETH,383.31,383.32,383.09,383.09
2018-04-06 00:41:00 UTC,bitfinex,USD-ETH,383.09,383.27,383.0,383.2
2018-04-06 00:42:00 UTC,bitfinex,USD-ETH,383.2,383.32,383.2,383.32
2018-04-06 00:43:00 UTC,bitfinex,USD-ETH,383.32,383.68,383.32,383.68
2018-04-06 00:44:00 UTC,bitfinex,USD-ETH,383.68,383.93,383.68,383.92
2018-04-06 00:45:00 UTC,bitfinex,USD-ETH,383.92,383.93,383.71,383.92
2018-04-06 00:46:00 UTC,bitfinex,USD-ETH,383.92,383.95,383.92,383.95
2018-04-06 00:47:00 UTC,bitfinex,USD-ETH,383.95,385.16,383.95,385.15
2018-04-06 00:48:00 UTC,bitfinex,USD-ETH,385.15,385.47,384.95,385.13
2018-04-06 00:49:00 UTC,bitfinex,USD-ETH,385.13,385.3,385.09,385.21
2018-04-06 00:50:00 UTC,bitfinex,USD-ETH,385.21,385.21,384.04,384.04
2018-04-06 00:51:00 UTC,bitfinex,USD-ETH,384.04,384.04,384.03,384.04
2018-04-06 00:52:00 UTC,bitfinex,USD-ETH,384.04,384.74,383.11,383.11
2018-04-06 00:53:00 UTC,bitfinex,USD-ETH,383.11,383.53,383.11,383.52
2018-04-06 00:54:00 UTC,bitfinex,USD-ETH,383.52,383.53,383.52,383.53
2018-04-06 00:55:00 UTC,bitfinex,USD-ETH,383.53,383.83,383.52,383.83
2018-04-06 00:56:00 UTC,bitfinex,USD-ETH,383.83,384.41,383.83,384.21
2018-04-06 00:57:00 UTC,bitfinex,USD-ETH,384.21,384.21,383.97,383.97
2018-04-06 00:58:00 UTC,bitfinex,USD-ETH,383.97,383.97,383.96,383.96
2018-04-06 00:59:00 UTC,bitfinex,USD-ETH,383.96,383.97,382.84,382.85
2018-04-06 01:00:00 UTC,bitfinex,USD-ETH,382.85,382.85,382.55,382.55
2018-04-06 01:01:00 UTC,bitfinex,USD-ETH,382.55,383.49,382.54,383.28
2018-04-06 01:02:00 UTC,bitfinex,USD-ETH,383.28,383.28,383.19,383.19
2018-04-06 01:03:00 UTC,bitfinex,USD-ETH,383.19,383.36,383.13,383.36
2018-04-06 01:04:00 UTC,bitfinex,USD-ETH,383.36,384.43,383.36,384.35
2018-04-06 01:05:00 UTC,bitfinex,USD-ETH,384.35,384.43,383.78,383.9
2018-04-06 01:06:00 UTC,bitfinex,USD-ETH,383.9,383.91,383.9,383.9
2018-04-06 01:07:00 UTC,bitfinex,USD-ETH,383.9,383.9,383.43,383.49
2018-04-06 01:08:00 UTC,bitfinex,USD-ETH,383.49,384.21,383.28,383.61
2018-04-06 01:09:00 UTC,bitfinex,USD-ETH,383.61,383.9,383.61,383.9
2018-04-06 01:10:00 UTC,bitfinex,USD-ETH,383.9,383.9,383.22,383.22
2018-04-06 01:11:00 UTC,bitfinex,USD-ETH,383.22,383.3,383.2,383.2
2018-04-06 01:12:00 UTC,bitfinex,USD-ETH,383.2,383.26,383.18,383.24
2018-04-06 01:13:00 UTC,bitfinex,USD-ETH,383.24,383.24,383.0,383.01
2018-04-06 01:14:00 UTC,bitfinex,USD-ETH,383.01,383.01,382.54,382.55
2018-04-06 01:15:00 UTC,bitfinex,USD-ETH,382.56,382.76,382.49,382.49
2018-04-06 01:16:00 UTC,bitfinex,USD-ETH,382.5,382.58,381.75,381.75
2018-04-06 01:17:00 UTC,bitfinex,USD-ETH,381.75,381.75,381.11,381.11
2018-04-06 01:18:00 UTC,bitfinex,USD-ETH,381.11,381.11,380.97,380.97
2018-04-06 01:19:00 UTC,bitfinex,USD-ETH,380.97,381.58,380.96,381.57
2018-04-06 01:20:00 UTC,bitfinex,USD-ETH,381.57,381.57,380.97,380.97
2018-04-06 01:21:00 UTC,bitfinex,USD-ETH,380.97,380.97,380.96,380.96
2018-04-06 01:22:00 UTC,bitfinex,USD-ETH,380.96,380.97,379.6,379.6
2018-04-06 01:23:00 UTC,bitfinex,USD-ETH,379.6,380.13,379.59,380.13
2018-04-06 01:24:00 UTC,bitfinex,USD-ETH,380.13,380.4,379.79,380.4
2018-04-06 01:25:00 UTC,bitfinex,USD-ETH,380.4,380.41,380.4,380.41
2018-04-06 01:26:00 UTC,bitfinex,USD-ETH,380.41,380.41,380.4,380.41
2018-04-06 01:27:00 UTC,bitfinex,USD-ETH,380.41,380.41,380.17,380.18
2018-04-06 01:28:00 UTC,bitfinex,USD-ETH,380.18,380.18,380.17,380.17
2018-04-06 01:29:00 UTC,bitfinex,USD-ETH,380.17,380.18,380.17,380.18
2018-04-06 01:30:00 UTC,bitfinex,USD-ETH,380.18,380.18,380.17,380.17
2018-04-06 01:31:00 UTC,bitfinex,USD-ETH,380.17,380.17,379.92,379.93
2018-04-06 01:32:00 UTC,bitfinex,USD-ETH,379.93,379.93,379.92,379.93
2018-04-06 01:33:00 UTC,bitfinex,USD-ETH,379.92,379.92,379.88,379.88
2018-04-06 01:34:00 UTC,bitfinex,USD-ETH,379.88,380.5,379.87,380.5
2018-04-06 01:35:00 UTC,bitfinex,USD-ETH,380.5,380.5,380.49,380.5
2018-04-06 01:36:00 UTC,bitfinex,USD-ETH,380.5,380.5,379.0,379.56
2018-04-06 01:37:00 UTC,bitfinex,USD-ETH,379.56,379.56,379.26,379.55
2018-04-06 01:38:00 UTC,bitfinex,USD-ETH,379.55,379.55,379.55,379.55
2018-04-06 01:39:00 UTC,bitfinex,USD-ETH,379.55,379.55,379.54,379.54
2018-04-06 01:40:00 UTC,bitfinex,USD-ETH,379.54,379.55,379.54,379.55
2018-04-06 01:41:00 UTC,bitfinex,USD-ETH,379.55,379.55,379.55,379.55
2018-04-06 01:42:00 UTC,bitfinex,USD-ETH,379.55,379.55,379.54,379.54
2018-04-06 01:43:00 UTC,bitfinex,USD-ETH,379.54,379.84,379.54,379.84
2018-04-06 01:44:00 UTC,bitfinex,USD-ETH,379.84,379.84,379.84,379.84
2018-04-06 01:45:00 UTC,bitfinex,USD-ETH,379.84,380.4,379.84,380.4
2018-04-06 01:46:00 UTC,bitfinex,USD-ETH,380.4,380.4,379.89,379.89
2018-04-06 01:47:00 UTC,bitfinex,USD-ETH,379.89,379.89,379.88,379.89
2018-04-06 01:48:00 UTC,bitfinex,USD-ETH,379.89,380.2,379.89,380.09
2018-04-06 01:49:00 UTC,bitfinex,USD-ETH,380.1,380.1,380.09,380.09
2018-04-06 01:50:00 UTC,bitfinex,USD-ETH,380.09,380.1,380.09,380.1
2018-04-06 01:51:00 UTC,bitfinex,USD-ETH,380.1,380.1,378.98,379.34
2018-04-06 01:52:00 UTC,bitfinex,USD-ETH,379.34,379.35,379.34,379.35
2018-04-06 01:53:00 UTC,bitfinex,USD-ETH,379.35,379.35,379.34,379.34
2018-04-06 01:54:00 UTC,bitfinex,USD-ETH,379.34,379.35,379.34,379.35
2018-04-06 01:55:00 UTC,bitfinex,USD-ETH,379.35,380.67,379.34,380.67
2018-04-06 01:56:00 UTC,bitfinex,USD-ETH,380.67,380.67,380.66,380.66
2018-04-06 01:57:00 UTC,bitfinex,USD-ETH,380.66,380.67,380.66,380.67
2018-04-06 01:58:00 UTC,bitfinex,USD-ETH,380.67,380.67,380.66,380.67
2018-04-06 01:59:00 UTC,bitfinex,USD-ETH,380.67,380.67,380.67,380.67
2018-04-06 02:00:00 UTC,bitfinex,USD-ETH,380.67,380.67,379.62,379.62
2018-04-06 02:01:00 UTC,bitfinex,USD-ETH,379.62,379.63,379.62,379.62
2018-04-06 02:02:00 UTC,bitfinex,USD-ETH,379.62,379.63,379.62,379.63
2018-04-06 02:03:00 UTC,bitfinex,USD-ETH,379.63,381.3,379.62,381.3
2018-04-06 02:04:00 UTC,bitfinex,USD-ETH,381.3,381.3,380.57,380.57
2018-04-06 02:05:00 UTC,bitfinex,USD-ETH,380.57,380.58,380.57,380.58
2018-04-06 02:06:00 UTC,bitfinex,USD-ETH,380.58,380.58,380.58,380.58
2018-04-06 02:07:00 UTC,bitfinex,USD-ETH,380.58,380.58,380.57,380.57
2018-04-06 02:08:00 UTC,bitfinex,USD-ETH,380.58,381.22,380.58,381.21
2018-04-06 02:09:00 UTC,bitfinex,USD-ETH,381.21,381.22,380.81,380.81
2018-04-06 02:10:00 UTC,bitfinex,USD-ETH,380.81,380.81,379.9,379.94
2018-04-06 02:11:00 UTC,bitfinex,USD-ETH,379.94,380.23,379.94,380.19
2018-04-06 02:12:00 UTC,bitfinex,USD-ETH,380.19,380.29,380.19,380.29
2018-04-06 02:13:00 UTC,bitfinex,USD-ETH,380.29,380.29,380.28,380.28
2018-04-06 02:14:00 UTC,bitfinex,USD-ETH,380.28,380.28,380.28,380.28
2018-04-06 02:15:00 UTC,bitfinex,USD-ETH,380.28,380.29,380.28,380.29
2018-04-06 02:16:00 UTC,bitfinex,USD-ETH,380.29,380.29,380.28,380.28
2018-04-06 02:17:00 UTC,bitfinex,USD-ETH,380.28,380.29,378.51,378.52
2018-04-06 02:18:00 UTC,bitfinex,USD-ETH,378.52,378.78,378.52,378.54
2018-04-06 02:19:00 UTC,bitfinex,USD-ETH,378.54,379.2,378.54,379.17
2018-04-06 02:20:00 UTC,bitfinex,USD-ETH,378.81,379.07,378.81,378.98
2018-04-06 02:21:00 UTC,bitfinex,USD-ETH,378.98,378.99,378.98,378.99
2018-04-06 02:22:00 UTC,bitfinex,USD-ETH,378.99,378.99,378.4,378.41
2018-04-06 02:23:00 UTC,bitfinex,USD-ETH,378.41,379.18,378.4,379.18
2018-04-06 02:24:00 UTC,bitfinex,USD-ETH,379.18,379.18,379.17,379.17
2018-04-06 02:25:00 UTC,bitfinex,USD-ETH,379.17,379.17,379.17,379.17
2018-04-06 02:26:00 UTC,bitfinex,USD-ETH,379.17,379.18,379.17,379.18
2018-04-06 02:27:00 UTC,bitfinex,USD-ETH,379.18,379.18,379.17,379.17
2018-04-06 02:28:00 UTC,bitfinex,USD-ETH,379.18,379.18,379.17,379.17
2018-04-06 02:30:00 UTC,bitfinex,USD-ETH,378.11,378.45,378.11,378.45
2018-04-06 02:31:00 UTC,bitfinex,USD-ETH,378.45,378.45,378.44,378.45
2018-04-06 02:32:00 UTC,bitfinex,USD-ETH,378.45,378.45,378.44,378.45
2018-04-06 02:33:00 UTC,bitfinex,USD-ETH,378.45,378.52,378.44,378.44
2018-04-06 02:34:00 UTC,bitfinex,USD-ETH,378.44,378.44,377.83,378
2018-04-06 02:35:00 UTC,bitfinex,USD-ETH,378,379.99,377.99,379.93
2018-04-06 02:36:00 UTC,bitfinex,USD-ETH,379.93,379.93,379.4,379.41
2018-04-06 02:37:00 UTC,bitfinex,USD-ETH,379.41,379.41,379.4,379.4
2018-04-06 02:38:00 UTC,bitfinex,USD-ETH,379.4,379.54,379.38,379.54
2018-04-06 02:39:00 UTC,bitfinex,USD-ETH,379.54,379.54,379.54,379.54
2018-04-06 02:40:00 UTC,bitfinex,USD-ETH,378.68,378.68,378.67,378.67
2018-04-06 02:41:00 UTC,bitfinex,USD-ETH,378.67,378.68,378.67,378.68
2018-04-06 02:42:00 UTC,bitfinex,USD-ETH,378.68,378.81,378.68,378.71
2018-04-06 02:43:00 UTC,bitfinex,USD-ETH,378.71,378.71,378.6,378.6
2018-04-06 02:44:00 UTC,bitfinex,USD-ETH,378.6,379.18,378.6,379.18
2018-04-06 02:45:00 UTC,bitfinex,USD-ETH,379.18,379.18,378.61,378.84
2018-04-06 02:46:00 UTC,bitfinex,USD-ETH,378.84,380.25,378.84,380.16
2018-04-06 02:47:00 UTC,bitfinex,USD-ETH,380.16,380.16,379.4,379.4
2018-04-06 02:48:00 UTC,bitfinex,USD-ETH,379.4,379.51,378.62,378.62
2018-04-06 02:49:00 UTC,bitfinex,USD-ETH,378.62,378.62,378.17,378.18
2018-04-06 02:50:00 UTC,bitfinex,USD-ETH,378.18,379.88,378.18,379.32
2018-04-06 02:51:00 UTC,bitfinex,USD-ETH,379.32,379.32,379.31,379.31
2018-04-06 02:52:00 UTC,bitfinex,USD-ETH,379.31,379.31,378.62,378.62
2018-04-06 02:53:00 UTC,bitfinex,USD-ETH,378.62,378.96,378.62,378.96
2018-04-06 02:54:00 UTC,bitfinex,USD-ETH,378.96,378.96,378.33,378.57
2018-04-06 02:55:00 UTC,bitfinex,USD-ETH,378.57,378.58,378.57,378.57
2018-04-06 02:56:00 UTC,bitfinex,USD-ETH,378.58,378.58,378.58,378.58
2018-04-06 02:57:00 UTC,bitfinex,USD-ETH,378.58,378.58,378.57,378.58
2018-04-06 02:58:00 UTC,bitfinex,USD-ETH,378.58,379.51,378.58,379.01
2018-04-06 02:59:00 UTC,bitfinex,USD-ETH,379.01,379.09,378.58,378.81
2018-04-06 03:00:00 UTC,bitfinex,USD-ETH,378.81,378.81,378.8,378.8
2018-04-06 03:01:00 UTC,bitfinex,USD-ETH,378.81,378.81,378.8,378.8
2018-04-06 03:02:00 UTC,bitfinex,USD-ETH,378.8,378.81,378.8,378.8
2018-04-06 03:03:00 UTC,bitfinex,USD-ETH,378.8,378.81,378.8,378.81
2018-04-06 03:04:00 UTC,bitfinex,USD-ETH,378.81,378.81,377.96,377.96
2018-04-06 03:05:00 UTC,bitfinex,USD-ETH,377.96,377.97,377.96,377.97
2018-04-06 03:06:00 UTC,bitfinex,USD-ETH,377.97,378.2,377.6,377.61
2018-04-06 03:07:00 UTC,bitfinex,USD-ETH,377.6,377.65,377.31,377.31
2018-04-06 03:08:00 UTC,bitfinex,USD-ETH,377.31,377.33,376.6,376.61
2018-04-06 03:09:00 UTC,bitfinex,USD-ETH,376.61,377.42,376.6,376.93
2018-04-06 03:10:00 UTC,bitfinex,USD-ETH,376.93,376.94,376.51,376.53
2018-04-06 03:11:00 UTC,bitfinex,USD-ETH,376.53,377.23566471,376.53,377.18
2018-04-06 03:12:00 UTC,bitfinex,USD-ETH,377.17,377.52,377.17,377.52
2018-04-06 03:13:00 UTC,bitfinex,USD-ETH,377.52,377.52,377.51,377.51
2018-04-06 03:14:00 UTC,bitfinex,USD-ETH,377.51,377.72,377.51,377.7
2018-04-06 03:15:00 UTC,bitfinex,USD-ETH,377.7,377.71,377.7,377.71
2018-04-06 03:16:00 UTC,bitfinex,USD-ETH,377.71,377.71,377.71,377.71
2018-04-06 03:17:00 UTC,bitfinex,USD-ETH,377.71,377.71,377.7,377.71
2018-04-06 03:18:00 UTC,bitfinex,USD-ETH,377.71,377.71,377.03,377.34
2018-04-06 03:19:00 UTC,bitfinex,USD-ETH,377.34,377.34,377.34,377.34
2018-04-06 03:20:00 UTC,bitfinex,USD-ETH,377.34,377.34,377.34,377.34
2018-04-06 03:21:00 UTC,bitfinex,USD-ETH,377.34,377.67,377.34,377.65
2018-04-06 03:22:00 UTC,bitfinex,USD-ETH,377.65,377.66,377.65,377.66
2018-04-06 03:23:00 UTC,bitfinex,USD-ETH,377.66,377.66,377.66,377.66
2018-04-06 03:24:00 UTC,bitfinex,USD-ETH,377.66,378.08,377.66,378.06
2018-04-06 03:25:00 UTC,bitfinex,USD-ETH,378.1,378.16,378.09,378.16
2018-04-06 03:26:00 UTC,bitfinex,USD-ETH,378.16,378.16,378.15,378.15
2018-04-06 03:27:00 UTC,bitfinex,USD-ETH,378.15,378.15,376.69,377.47
2018-04-06 03:28:00 UTC,bitfinex,USD-ETH,377.47,377.53,376.78,376.79
2018-04-06 03:29:00 UTC,bitfinex,USD-ETH,376.79,377.25,376.79,377.24
2018-04-06 03:30:00 UTC,bitfinex,USD-ETH,377.24,377.56,377.24,377.55
2018-04-06 03:31:00 UTC,bitfinex,USD-ETH,377.55,377.56,377.55,377.55
2018-04-06 03:32:00 UTC,bitfinex,USD-ETH,377.55,377.56,377.55,377.55
2018-04-06 03:33:00 UTC,bitfinex,USD-ETH,377.55,377.73,377.55,377.72604288
2018-04-06 03:34:00 UTC,bitfinex,USD-ETH,377.72604288,377.73,377.72604288,377.73
2018-04-06 03:35:00 UTC,bitfinex,USD-ETH,377.73,377.73,377.73,377.73
2018-04-06 03:36:00 UTC,bitfinex,USD-ETH,377.73,377.73,377.73,377.73
2018-04-06 03:37:00 UTC,bitfinex,USD-ETH,377.73,377.73,377.72,377.72
2018-04-06 03:38:00 UTC,bitfinex,USD-ETH,377.72,378.17,377.72,378.17
2018-04-06 03:39:00 UTC,bitfinex,USD-ETH,378.18,379.11,377.9,379.08
2018-04-06 03:40:00 UTC,bitfinex,USD-ETH,379.08,379.54,379.08,379.54
2018-04-06 03:41:00 UTC,bitfinex,USD-ETH,379.54,379.6,379.53,379.53
2018-04-06 03:42:00 UTC,bitfinex,USD-ETH,379.53,379.53,378.78,379.29
2018-04-06 03:43:00 UTC,bitfinex,USD-ETH,379.29,379.29,379.05,379.05
2018-04-06 03:44:00 UTC,bitfinex,USD-ETH,379.05,379.06,379.05,379.06
2018-04-06 03:45:00 UTC,bitfinex,USD-ETH,379.06,379.06,379.05,379.06
2018-04-06 03:46:00 UTC,bitfinex,USD-ETH,379.06,379.52,379.06,379.45
2018-04-06 03:47:00 UTC,bitfinex,USD-ETH,379.45,379.45,378.61,378.61
2018-04-06 03:48:00 UTC,bitfinex,USD-ETH,378.61,378.98,378.61,378.98
2018-04-06 03:49:00 UTC,bitfinex,USD-ETH,378.98,379.32,378.98,379.1
2018-04-06 03:50:00 UTC,bitfinex,USD-ETH,379.1,379.1,379.1,379.1
2018-04-06 03:51:00 UTC,bitfinex,USD-ETH,379.1,379.1,379.09,379.1
2018-04-06 03:52:00 UTC,bitfinex,USD-ETH,379.1,379.1,378.62,378.62
2018-04-06 03:53:00 UTC,bitfinex,USD-ETH,378.62,378.62,378.62,378.62
2018-04-06 03:54:00 UTC,bitfinex,USD-ETH,378.62,378.62,378.3,378.4
2018-04-06 03:55:00 UTC,bitfinex,USD-ETH,378.4,378.43,378.4,378.42
2018-04-06 03:56:00 UTC,bitfinex,USD-ETH,378.42,378.86,378.42,378.86
2018-04-06 03:57:00 UTC,bitfinex,USD-ETH,378.86,378.86,377.95,378.04
2018-04-06 03:58:00 UTC,bitfinex,USD-ETH,378.04,378.04,377.70338752,377.71
2018-04-06 03:59:00 UTC,bitfinex,USD-ETH,377.71,377.77,376.95,377.31
2018-04-06 04:00:00 UTC,bitfinex,USD-ETH,377.31,377.31,376.0,376.01
2018-04-06 04:01:00 UTC,bitfinex,USD-ETH,376.01,376.01,375.27,375.34
2018-04-06 04:02:00 UTC,bitfinex,USD-ETH,375.34,376.15,375.33,376.15
2018-04-06 04:03:00 UTC,bitfinex,USD-ETH,376.15,378.9,376.1,378.4
2018-04-06 04:04:00 UTC,bitfinex,USD-ETH,378.4,378.4,377.82,377.82
2018-04-06 04:05:00 UTC,bitfinex,USD-ETH,377.82,377.83,377.82,377.82
2018-04-06 04:06:00 UTC,bitfinex,USD-ETH,377.82,377.83,377.82,377.83
2018-04-06 04:07:00 UTC,bitfinex,USD-ETH,377.83,377.83,376.95,377.09
2018-04-06 04:08:00 UTC,bitfinex,USD-ETH,377.09,377.28,377.09,377.28
2018-04-06 04:09:00 UTC,bitfinex,USD-ETH,377.28,377.99,377.27,377.99
2018-04-06 04:10:00 UTC,bitfinex,USD-ETH,377.99,378.1,377.99,378.1
2018-04-06 04:11:00 UTC,bitfinex,USD-ETH,378.1,378.66,378.06,378.06
2018-04-06 04:12:00 UTC,bitfinex,USD-ETH,378.06,378.06,378.02,378.02
2018-04-06 04:13:00 UTC,bitfinex,USD-ETH,378.02,378.66,378.01,378.33
2018-04-06 04:14:00 UTC,bitfinex,USD-ETH,378.33,378.33,378.32,378.32
2018-04-06 04:15:00 UTC,bitfinex,USD-ETH,378.32,378.33,378.28,378.28
2018-04-06 04:16:00 UTC,bitfinex,USD-ETH,378.28,378.29,378.28,378.28
2018-04-06 04:17:00 UTC,bitfinex,USD-ETH,378.28,378.28,377.53,377.53
2018-04-06 04:18:00 UTC,bitfinex,USD-ETH,377.54,377.59,377.53,377.59
2018-04-06 04:19:00 UTC,bitfinex,USD-ETH,377.59,377.6,377.53,377.53
2018-04-06 04:20:00 UTC,bitfinex,USD-ETH,377.53,377.54,377.53,377.53
2018-04-06 04:21:00 UTC,bitfinex,USD-ETH,377.53,377.53,377.4,377.4
2018-04-06 04:22:00 UTC,bitfinex,USD-ETH,377.4,377.41,377.4,377.41
2018-04-06 04:23:00 UTC,bitfinex,USD-ETH,377.41,378.1,377.4,378.09
2018-04-06 04:24:00 UTC,bitfinex,USD-ETH,378.09,378.21,378.05,378.05
2018-04-06 04:25:00 UTC,bitfinex,USD-ETH,378.05,378.12,378.05,378.12
2018-04-06 04:26:00 UTC,bitfinex,USD-ETH,378.12,378.12,378.11,378.11
2018-04-06 04:27:00 UTC,bitfinex,USD-ETH,378.11,379.0,378.11,378.99
2018-04-06 04:28:00 UTC,bitfinex,USD-ETH,378.99,379.01,378.52,378.52
2018-04-06 04:29:00 UTC,bitfinex,USD-ETH,378.52,378.52,377.82,377.83
2018-04-06 04:30:00 UTC,bitfinex,USD-ETH,377.83,377.83,376.91,376.91
2018-04-06 04:31:00 UTC,bitfinex,USD-ETH,376.91,376.91,376.9,376.91
2018-04-06 04:32:00 UTC,bitfinex,USD-ETH,376.91,376.91,376.9,376.9
2018-04-06 04:33:00 UTC,bitfinex,USD-ETH,376.9,376.91,376.9,376.9
2018-04-06 04:34:00 UTC,bitfinex,USD-ETH,376.9,376.90516019,376.9,376.9
2018-04-06 04:35:00 UTC,bitfinex,USD-ETH,376.9,376.91,376.9,376.9
2018-04-06 04:36:00 UTC,bitfinex,USD-ETH,376.9,376.9,376.76,376.78
2018-04-06 04:37:00 UTC,bitfinex,USD-ETH,376.78,376.78,376.78,376.78
2018-04-06 04:38:00 UTC,bitfinex,USD-ETH,376.78,378.45,376.78,377.59
2018-04-06 04:39:00 UTC,bitfinex,USD-ETH,377.59,377.59,377.58,377.59
2018-04-06 04:40:00 UTC,bitfinex,USD-ETH,377.59,377.59,377.4,377.4
2018-04-06 04:41:00 UTC,bitfinex,USD-ETH,377.31,377.32,377.31,377.32
2018-04-06 04:42:00 UTC,bitfinex,USD-ETH,377.32,377.33,377.32,377.32
2018-04-06 04:43:00 UTC,bitfinex,USD-ETH,377.32,377.82,377.32,377.82
2018-04-06 04:44:00 UTC,bitfinex,USD-ETH,377.82,378.4,377.82,378.28
2018-04-06 04:45:00 UTC,bitfinex,USD-ETH,378.11,378.11,378.1,378.1
2018-04-06 04:46:00 UTC,bitfinex,USD-ETH,378.1,378.1,378.01,378.01
2018-04-06 04:47:00 UTC,bitfinex,USD-ETH,378.01,378.41,378.01,378.05
2018-04-06 04:48:00 UTC,bitfinex,USD-ETH,378.05,378.05,377.86,377.86
2018-04-06 04:49:00 UTC,bitfinex,USD-ETH,377.86,377.87,377.17,377.75
2018-04-06 04:50:00 UTC,bitfinex,USD-ETH,377.75,378.37,377.75,378.37
2018-04-06 04:51:00 UTC,bitfinex,USD-ETH,378.37,378.55,378.37,378.55
2018-04-06 04:52:00 UTC,bitfinex,USD-ETH,378.55,378.55,378.54,378.55
2018-04-06 04:53:00 UTC,bitfinex,USD-ETH,378.55,378.55,378.25,378.25
2018-04-06 04:54:00 UTC,bitfinex,USD-ETH,378.25,378.28,378.03,378.04
2018-04-06 04:55:00 UTC,bitfinex,USD-ETH,378.04,378.04,377.99,377.99
2018-04-06 04:56:00 UTC,bitfinex,USD-ETH,377.99,377.99,377.46,377.46
2018-04-06 04:57:00 UTC,bitfinex,USD-ETH,377.46,377.46,377.28,377.28
2018-04-06 04:58:00 UTC,bitfinex,USD-ETH,377.28,377.29,377.18,377.18
2018-04-06 04:59:00 UTC,bitfinex,USD-ETH,377.18,377.83,377.11,377.66
2018-04-06 05:00:00 UTC,bitfinex,USD-ETH,377.66,377.66,377.53,377.54
2018-04-06 05:01:00 UTC,bitfinex,USD-ETH,377.54,377.55,377.48,377.48
2018-04-06 05:02:00 UTC,bitfinex,USD-ETH,377.42,377.44,377.11,377.39
2018-04-06 05:03:00 UTC,bitfinex,USD-ETH,377.39,377.39,377.24,377.24
2018-04-06 05:04:00 UTC,bitfinex,USD-ETH,377.24,377.24,376.99,377.09
2018-04-06 05:05:00 UTC,bitfinex,USD-ETH,377.09,377.84,377.08,377.84
2018-04-06 05:06:00 UTC,bitfinex,USD-ETH,377.84,379.6,377.84,379.59
2018-04-06 05:07:00 UTC,bitfinex,USD-ETH,379.59,383.08,379.55,380.62
2018-04-06 05:08:00 UTC,bitfinex,USD-ETH,380.6,381.19,379.81,380.19
2018-04-06 05:09:00 UTC,bitfinex,USD-ETH,380.19,380.2,380.0,380
2018-04-06 05:10:00 UTC,bitfinex,USD-ETH,380,380.01,380.0,380
2018-04-06 05:11:00 UTC,bitfinex,USD-ETH,380,380.01,379.62,379.62
2018-04-06 05:12:00 UTC,bitfinex,USD-ETH,379.62,379.62,379.26,379.26
2018-04-06 05:13:00 UTC,bitfinex,USD-ETH,379.26,380.0,379.25,379.25
2018-04-06 05:14:00 UTC,bitfinex,USD-ETH,379.25,379.25,379.25,379.25
2018-04-06 05:15:00 UTC,bitfinex,USD-ETH,379.25,379.25,378.61,378.61
2018-04-06 05:16:00 UTC,bitfinex,USD-ETH,378.61,379.02,378.44,379.01
2018-04-06 05:17:00 UTC,bitfinex,USD-ETH,379.01,379.02,379.0,379.02
2018-04-06 05:18:00 UTC,bitfinex,USD-ETH,379.02,379.02,378.69,378.72
2018-04-06 05:19:00 UTC,bitfinex,USD-ETH,378.72,378.72,378.71,378.71
2018-04-06 05:20:00 UTC,bitfinex,USD-ETH,378.71,379.66,378.71,379.66
2018-04-06 05:21:00 UTC,bitfinex,USD-ETH,379.66,379.96,379.66,379.95
2018-04-06 05:22:00 UTC,bitfinex,USD-ETH,379.95,379.96,379.3,379.95
2018-04-06 05:23:00 UTC,bitfinex,USD-ETH,379.95,379.95,379.42,379.42
2018-04-06 05:24:00 UTC,bitfinex,USD-ETH,379.42,379.43,379.42,379.42
2018-04-06 05:25:00 UTC,bitfinex,USD-ETH,379.42,379.43,379.42,379.43
2018-04-06 05:26:00 UTC,bitfinex,USD-ETH,379.43,379.43,379.42,379.42
2018-04-06 05:27:00 UTC,bitfinex,USD-ETH,379.42,379.43,379.42,379.43
2018-04-06 05:28:00 UTC,bitfinex,USD-ETH,379.43,379.43,379.42,379.43
2018-04-06 05:29:00 UTC,bitfinex,USD-ETH,379.43,379.43,378.86,378.86
2018-04-06 05:30:00 UTC,bitfinex,USD-ETH,378.86,378.9,378.8,378.81
2018-04-06 05:31:00 UTC,bitfinex,USD-ETH,378.81,378.81,377.82,377.9
2018-04-06 05:32:00 UTC,bitfinex,USD-ETH,377.91,377.91,376.96,376.97
2018-04-06 05:33:00 UTC,bitfinex,USD-ETH,376.97,376.97,376.46,376.9
2018-04-06 05:34:00 UTC,bitfinex,USD-ETH,376.9,377.59,376.9,377.59
2018-04-06 05:35:00 UTC,bitfinex,USD-ETH,377.59,377.7,377.23,377.46
2018-04-06 05:36:00 UTC,bitfinex,USD-ETH,377.46,377.46,377.46,377.46
2018-04-06 05:37:00 UTC,bitfinex,USD-ETH,377.46,377.46,377.45,377.46
2018-04-06 05:38:00 UTC,bitfinex,USD-ETH,377.46,377.46,377.46,377.46
2018-04-06 05:39:00 UTC,bitfinex,USD-ETH,377.46,377.46,377.46,377.46
2018-04-06 05:40:00 UTC,bitfinex,USD-ETH,377.46,377.68,377.45,377.67
2018-04-06 05:41:00 UTC,bitfinex,USD-ETH,377.67,377.68,377.67,377.68
2018-04-06 05:42:00 UTC,bitfinex,USD-ETH,377.68,377.68,377.67,377.67
2018-04-06 05:43:00 UTC,bitfinex,USD-ETH,377.67,377.68,377.67,377.68
2018-04-06 05:44:00 UTC,bitfinex,USD-ETH,377.68,377.68,377.67,377.68
2018-04-06 05:45:00 UTC,bitfinex,USD-ETH,377.68,378.86,377.68,378.86
2018-04-06 05:46:00 UTC,bitfinex,USD-ETH,378.86,378.92,378.86,378.91
2018-04-06 05:47:00 UTC,bitfinex,USD-ETH,378.91,378.92,378.91,378.91
2018-04-06 05:48:00 UTC,bitfinex,USD-ETH,378.91,378.92,377.84,377.84
2018-04-06 05:49:00 UTC,bitfinex,USD-ETH,377.84,378.29,377.84,378.13
2018-04-06 05:50:00 UTC,bitfinex,USD-ETH,378.13,378.16,378.13,378.16
2018-04-06 05:51:00 UTC,bitfinex,USD-ETH,378.16,378.16,378.15,378.15
2018-04-06 05:52:00 UTC,bitfinex,USD-ETH,378.15,378.46,378.15,378.46
2018-04-06 05:53:00 UTC,bitfinex,USD-ETH,378.46,378.47,378.46,378.46
2018-04-06 05:54:00 UTC,bitfinex,USD-ETH,378.46,378.47,378.46,378.47
2018-04-06 05:55:00 UTC,bitfinex,USD-ETH,378.47,378.47,378.46,378.46
2018-04-06 05:56:00 UTC,bitfinex,USD-ETH,378.46,378.47,377.42,377.46
2018-04-06 05:57:00 UTC,bitfinex,USD-ETH,377.46,377.46,376.88,376.98
2018-04-06 05:58:00 UTC,bitfinex,USD-ETH,376.98,376.99,376.98,376.98
2018-04-06 05:59:00 UTC,bitfinex,USD-ETH,376.98,376.98,375.54,376.09
2018-04-06 06:00:00 UTC,bitfinex,USD-ETH,376.09,376.35,375.81,376.34
2018-04-06 06:01:00 UTC,bitfinex,USD-ETH,376.34,376.34,374.87,374.87
2018-04-06 06:02:00 UTC,bitfinex,USD-ETH,374.07,374.07,371.91,371.91
2018-04-06 06:03:00 UTC,bitfinex,USD-ETH,373.72,373.97,373.48854638,373.51
2018-04-06 06:04:00 UTC,bitfinex,USD-ETH,373.51,373.53,371.42,372.19
2018-04-06 06:05:00 UTC,bitfinex,USD-ETH,372.16,372.16,372.15,372.16
2018-04-06 06:08:00 UTC,bitfinex,USD-ETH,372.55,372.58,372.55,372.56
2018-04-06 06:09:00 UTC,bitfinex,USD-ETH,372.56,373.02,371.89,371.89
2018-04-06 06:10:00 UTC,bitfinex,USD-ETH,371.89,371.9,371.89,371.9
2018-04-06 06:11:00 UTC,bitfinex,USD-ETH,371.9,372.09,371.89,372.08
2018-04-06 06:12:00 UTC,bitfinex,USD-ETH,372.08,372.08,370.7,371.29
2018-04-06 06:13:00 UTC,bitfinex,USD-ETH,371.29,371.3,371.11,371.22
2018-04-06 06:14:00 UTC,bitfinex,USD-ETH,371.22,371.24,370.2,370.79
2018-04-06 06:15:00 UTC,bitfinex,USD-ETH,370.79,371.16,370.78,371.13
2018-04-06 06:16:00 UTC,bitfinex,USD-ETH,371.12,373.04,371.12,373.01
2018-04-06 06:17:00 UTC,bitfinex,USD-ETH,373.01,373.02,373.01,373.02
2018-04-06 06:18:00 UTC,bitfinex,USD-ETH,373.02,373.02,372.31,372.32
2018-04-06 06:19:00 UTC,bitfinex,USD-ETH,372.32,372.32,371.71,371.74
2018-04-06 06:20:00 UTC,bitfinex,USD-ETH,371.74,371.74,371.73,371.73
2018-04-06 06:21:00 UTC,bitfinex,USD-ETH,371.73,371.74,371.73,371.74
2018-04-06 06:22:00 UTC,bitfinex,USD-ETH,371.74,371.97119655,371.32280078,371.32280078
2018-04-06 06:23:00 UTC,bitfinex,USD-ETH,371.32280078,371.32280078,369.46,369.46
2018-04-06 06:24:00 UTC,bitfinex,USD-ETH,369.01,369.02,367.99,368.65
2018-04-06 06:25:00 UTC,bitfinex,USD-ETH,368.24,368.24,366.99,367.3
2018-04-06 06:26:00 UTC,bitfinex,USD-ETH,367.3,367.87284592,366.99,367.87284592
2018-04-06 06:27:00 UTC,bitfinex,USD-ETH,367.87284592,368.11,367.87284592,368.01
2018-04-06 06:28:00 UTC,bitfinex,USD-ETH,368.01,368.02,367.29,367.45
2018-04-06 06:29:00 UTC,bitfinex,USD-ETH,366.86966756,366.98,366.71,366.71
2018-04-06 06:30:00 UTC,bitfinex,USD-ETH,366.71,367.52,366.45,367.03
2018-04-06 06:31:00 UTC,bitfinex,USD-ETH,367.62,367.62,367.42,367.42
2018-04-06 06:32:00 UTC,bitfinex,USD-ETH,367.42,368.06,367.11,367.63
2018-04-06 06:33:00 UTC,bitfinex,USD-ETH,367.63,368.44,367.15,367.8
2018-04-06 06:34:00 UTC,bitfinex,USD-ETH,367.8,367.8,367.79,367.8
2018-04-06 06:37:00 UTC,bitfinex,USD-ETH,366.86,367.24891791,366.34,366.94
2018-04-06 06:38:00 UTC,bitfinex,USD-ETH,366.94,366.94,366.93,366.93
2018-04-06 06:39:00 UTC,bitfinex,USD-ETH,366.93,367.4691278,366.6,366.71
2018-04-06 06:40:00 UTC,bitfinex,USD-ETH,366.71,367.02,366.01,366.22
2018-04-06 06:41:00 UTC,bitfinex,USD-ETH,366.22,366.22,365.17,365.91
2018-04-06 06:42:00 UTC,bitfinex,USD-ETH,365.91,366.97,365.9,366.96
2018-04-06 06:43:00 UTC,bitfinex,USD-ETH,366.96,368.16,366.96,367.89
2018-04-06 06:47:00 UTC,bitfinex,USD-ETH,366.82,366.82,365.86648919,365.86648919
2018-04-06 06:48:00 UTC,bitfinex,USD-ETH,365.86648919,366.31,365.86648919,366.2
2018-04-06 06:49:00 UTC,bitfinex,USD-ETH,366.2,366.2,365.92,365.98
2018-04-06 06:50:00 UTC,bitfinex,USD-ETH,365.98,366.0,365.97,366
2018-04-06 06:51:00 UTC,bitfinex,USD-ETH,366,366.0,366.0,366
2018-04-06 06:52:00 UTC,bitfinex,USD-ETH,366,366.0,365.99,366
2018-04-06 06:53:00 UTC,bitfinex,USD-ETH,366,366.51,365.99,366.51
2018-04-06 06:54:00 UTC,bitfinex,USD-ETH,366.51,366.54,366.51,366.54
2018-04-06 06:55:00 UTC,bitfinex,USD-ETH,366.54,366.54,366.53,366.53
2018-04-06 06:56:00 UTC,bitfinex,USD-ETH,366.53,366.53,366.27,366.39
2018-04-06 06:57:00 UTC,bitfinex,USD-ETH,366.39,366.71,366.38,366.71
2018-04-06 06:58:00 UTC,bitfinex,USD-ETH,366.71,367.77,366.71,367.11
2018-04-06 06:59:00 UTC,bitfinex,USD-ETH,367.11,368.3,367.11,368.3
2018-04-06 07:00:00 UTC,bitfinex,USD-ETH,368.3,368.43,367.8,368.23
2018-04-06 07:01:00 UTC,bitfinex,USD-ETH,368.23,368.23,368.0,368
2018-04-06 07:02:00 UTC,bitfinex,USD-ETH,368,368.01,367.95,367.96
2018-04-06 07:03:00 UTC,bitfinex,USD-ETH,367.96,367.96,367.29,367.29
2018-04-06 07:04:00 UTC,bitfinex,USD-ETH,367.29,368.03,367.29,368.01
2018-04-06 07:05:00 UTC,bitfinex,USD-ETH,368.01,368.45,367.86,367.86
2018-04-06 07:06:00 UTC,bitfinex,USD-ETH,367.86,367.86,367.71,367.71
2018-04-06 07:07:00 UTC,bitfinex,USD-ETH,367.71,367.72,367.71,367.71
2018-04-06 07:08:00 UTC,bitfinex,USD-ETH,367.71,367.72,367.71,367.72
2018-04-06 07:09:00 UTC,bitfinex,USD-ETH,367.72,367.95,367.72,367.95
2018-04-06 07:10:00 UTC,bitfinex,USD-ETH,367.96,367.96,367.5,367.51
2018-04-06 07:11:00 UTC,bitfinex,USD-ETH,367.51,367.51,367.02,367.03
2018-04-06 07:12:00 UTC,bitfinex,USD-ETH,367.03,367.03,366.64,366.66
2018-04-06 07:13:00 UTC,bitfinex,USD-ETH,366.66,366.66,366.26,366.28
2018-04-06 07:14:00 UTC,bitfinex,USD-ETH,366.28,366.29,366.05,366.06
2018-04-06 07:15:00 UTC,bitfinex,USD-ETH,366.06,366.06,365.8,365.83
2018-04-06 07:16:00 UTC,bitfinex,USD-ETH,365.83,365.83,365.7,365.71
2018-04-06 07:17:00 UTC,bitfinex,USD-ETH,365.71,365.72,365.62,365.7
2018-04-06 07:18:00 UTC,bitfinex,USD-ETH,365.7,365.96,365.7,365.96
2018-04-06 07:19:00 UTC,bitfinex,USD-ETH,365.96,366.0,365.96,365.99
2018-04-06 07:20:00 UTC,bitfinex,USD-ETH,365.99,366.0,365.44,365.66
2018-04-06 07:21:00 UTC,bitfinex,USD-ETH,365.66,365.66,365.59,365.59
2018-04-06 07:22:00 UTC,bitfinex,USD-ETH,365.59,366.14,365.59,366.13
2018-04-06 07:23:00 UTC,bitfinex,USD-ETH,366.13,367.37,366.13,366.45
2018-04-06 07:24:00 UTC,bitfinex,USD-ETH,366.45,366.45,366.3,366.3
2018-04-06 07:25:00 UTC,bitfinex,USD-ETH,366.3,366.3,366.28,366.3
2018-04-06 07:26:00 UTC,bitfinex,USD-ETH,366.3,366.8,366.29,366.79
2018-04-06 07:27:00 UTC,bitfinex,USD-ETH,366.79,368.0,366.79,367.5
2018-04-06 07:28:00 UTC,bitfinex,USD-ETH,367.5,367.71,366.83,366.83
2018-04-06 07:29:00 UTC,bitfinex,USD-ETH,366.83,367.7,366.82,367.64
2018-04-06 07:30:00 UTC,bitfinex,USD-ETH,367.64,367.64,366.61,366.61
2018-04-06 07:31:00 UTC,bitfinex,USD-ETH,366.61,366.88,366.54,366.55
2018-04-06 07:32:00 UTC,bitfinex,USD-ETH,366.55,366.55,366.28746177,366.54
2018-04-06 07:33:00 UTC,bitfinex,USD-ETH,366.53,366.54,366.3,366.37
2018-04-06 07:34:00 UTC,bitfinex,USD-ETH,366.37,366.53,366.31,366.33
2018-04-06 07:35:00 UTC,bitfinex,USD-ETH,366.33,366.33,365.94,366.13
2018-04-06 07:36:00 UTC,bitfinex,USD-ETH,366.13,366.54,366.11,366.53
2018-04-06 07:37:00 UTC,bitfinex,USD-ETH,366.53,366.53,366.03,366.23
2018-04-06 07:38:00 UTC,bitfinex,USD-ETH,366.23,366.23,366.06,366.06
2018-04-06 07:39:00 UTC,bitfinex,USD-ETH,366.06,366.06,366.05,366.05
2018-04-06 07:40:00 UTC,bitfinex,USD-ETH,366.05,366.05,365.97,365.97
2018-04-06 07:41:00 UTC,bitfinex,USD-ETH,365.97,365.98,365.65,365.98
2018-04-06 07:42:00 UTC,bitfinex,USD-ETH,365.98,366.53,365.97,365.98
2018-04-06 07:43:00 UTC,bitfinex,USD-ETH,365.98,365.98,365.47,365.47
2018-04-06 07:44:00 UTC,bitfinex,USD-ETH,365.47,365.98,365.46,365.97
2018-04-06 07:45:00 UTC,bitfinex,USD-ETH,365.97,366.49,365.83,366.49
2018-04-06 07:46:00 UTC,bitfinex,USD-ETH,366.49,367.11,366.49,366.63
2018-04-06 07:47:00 UTC,bitfinex,USD-ETH,366.63,367.19,366.53,366.76
2018-04-06 07:48:00 UTC,bitfinex,USD-ETH,366.76,366.79,366.76,366.78
2018-04-06 07:49:00 UTC,bitfinex,USD-ETH,366.78,366.78,366.61,366.67
2018-04-06 07:50:00 UTC,bitfinex,USD-ETH,366.67,366.67,366.65,366.65
2018-04-06 07:51:00 UTC,bitfinex,USD-ETH,366.65,367.24,366.64,367.24
2018-04-06 07:52:00 UTC,bitfinex,USD-ETH,367.24,368.6,367.11,368.6
2018-04-06 07:53:00 UTC,bitfinex,USD-ETH,368.99,369.18,368.92,369.18
2018-04-06 07:54:00 UTC,bitfinex,USD-ETH,369.18,369.18,367.84,368.32
2018-04-06 07:55:00 UTC,bitfinex,USD-ETH,368.32,368.34,367.79,367.83
2018-04-06 07:56:00 UTC,bitfinex,USD-ETH,367.84,368.31,367.82,368.31
2018-04-06 07:57:00 UTC,bitfinex,USD-ETH,368.31,368.31,368.03,368.03
2018-04-06 07:58:00 UTC,bitfinex,USD-ETH,368.03,368.04,368.03,368.04
2018-04-06 07:59:00 UTC,bitfinex,USD-ETH,368.04,368.04,367.61,368
2018-04-06 08:00:00 UTC,bitfinex,USD-ETH,368,368.01,366.91131498,366.99
2018-04-06 08:01:00 UTC,bitfinex,USD-ETH,366.99,367.0,366.34862385,366.97
2018-04-06 08:02:00 UTC,bitfinex,USD-ETH,366.97,367.5,366.97,367.25
2018-04-06 08:03:00 UTC,bitfinex,USD-ETH,367.25,367.25,367.24,367.24
2018-04-06 08:04:00 UTC,bitfinex,USD-ETH,367.24,367.24,366.48,367.21
2018-04-06 08:05:00 UTC,bitfinex,USD-ETH,367.21,367.21,366.85,366.94
2018-04-06 08:06:00 UTC,bitfinex,USD-ETH,366.94,366.94,366.93,366.94
2018-04-06 08:07:00 UTC,bitfinex,USD-ETH,366.94,367.09,366.94,367.09
2018-04-06 08:08:00 UTC,bitfinex,USD-ETH,367.09,367.09,367.08,367.09
2018-04-06 08:09:00 UTC,bitfinex,USD-ETH,367.09,367.52,367.09,367.52
2018-04-06 08:10:00 UTC,bitfinex,USD-ETH,367.52,368.98,367.51,368.42
2018-04-06 08:11:00 UTC,bitfinex,USD-ETH,368.42,368.49,367.6,368.43
2018-04-06 08:12:00 UTC,bitfinex,USD-ETH,368.43,368.43,368.0,368.03669725
2018-04-06 08:13:00 UTC,bitfinex,USD-ETH,368.03669725,369.42,368.03669725,369.42
2018-04-06 08:14:00 UTC,bitfinex,USD-ETH,369.42,370.5,368.96,370.13
2018-04-06 08:15:00 UTC,bitfinex,USD-ETH,370.13,370.15,369.09,369.12
2018-04-06 08:16:00 UTC,bitfinex,USD-ETH,369.12,369.12,369.07,369.12
2018-04-06 08:17:00 UTC,bitfinex,USD-ETH,369.12,370.62,369.11,370.07
2018-04-06 08:18:00 UTC,bitfinex,USD-ETH,370.91,372.16,370.51,370.67
2018-04-06 08:19:00 UTC,bitfinex,USD-ETH,370.67,371.12,370.15,370.33
2018-04-06 08:20:00 UTC,bitfinex,USD-ETH,370.33,370.33,369.81,369.81
2018-04-06 08:21:00 UTC,bitfinex,USD-ETH,369.81,369.81,369.12,369.13
2018-04-06 08:22:00 UTC,bitfinex,USD-ETH,369.13,370.33,368.65,370.07
2018-04-06 08:23:00 UTC,bitfinex,USD-ETH,370.07,370.07,370.06,370.06
2018-04-06 08:24:00 UTC,bitfinex,USD-ETH,370.06,370.07,369.78,369.8
2018-04-06 08:25:00 UTC,bitfinex,USD-ETH,369.8,369.8,369.4,369.4
2018-04-06 08:26:00 UTC,bitfinex,USD-ETH,369.4,369.41,368.96,369.02
2018-04-06 08:27:00 UTC,bitfinex,USD-ETH,369.02,369.03,368.88,368.99
2018-04-06 08:28:00 UTC,bitfinex,USD-ETH,368.99,369.0,368.99,369
2018-04-06 08:29:00 UTC,bitfinex,USD-ETH,369,369.0,368.99,369
2018-04-06 08:30:00 UTC,bitfinex,USD-ETH,369,370.23,368.99,369.34
2018-04-06 08:31:00 UTC,bitfinex,USD-ETH,369.34,370.76,369.34,369.9
2018-04-06 08:32:00 UTC,bitfinex,USD-ETH,369.9,369.91,369.9,369.91
2018-04-06 08:33:00 UTC,bitfinex,USD-ETH,369.91,369.91,369.91,369.91
2018-04-06 08:34:00 UTC,bitfinex,USD-ETH,369.91,370.68,369.9,370.68
2018-04-06 08:35:00 UTC,bitfinex,USD-ETH,370.68,370.88,370.68,370.84
2018-04-06 08:36:00 UTC,bitfinex,USD-ETH,370.84,370.84,370.44,370.45
2018-04-06 08:37:00 UTC,bitfinex,USD-ETH,370.45,370.45,368.85,368.93
2018-04-06 08:38:00 UTC,bitfinex,USD-ETH,368.93,369.46,368.93,369.46
2018-04-06 08:39:00 UTC,bitfinex,USD-ETH,369.59,370.1,369.59,369.93
2018-04-06 08:40:00 UTC,bitfinex,USD-ETH,369.93,369.93,369.91,369.92
2018-04-06 08:41:00 UTC,bitfinex,USD-ETH,369.92,370.04281346,369.91,370.04281346
2018-04-06 08:42:00 UTC,bitfinex,USD-ETH,370.04281346,370.04281346,369.95,369.95
2018-04-06 08:43:00 UTC,bitfinex,USD-ETH,369.95,369.96,369.95,369.95
2018-04-06 08:44:00 UTC,bitfinex,USD-ETH,369.95,369.95,369.54,369.54
2018-04-06 08:45:00 UTC,bitfinex,USD-ETH,369.54,369.54,368.0,368.1
2018-04-06 08:46:00 UTC,bitfinex,USD-ETH,368.1,368.36,368.1,368.19
2018-04-06 08:47:00 UTC,bitfinex,USD-ETH,368.19,368.79,368.19,368.79
2018-04-06 08:48:00 UTC,bitfinex,USD-ETH,368.78,368.79,368.78,368.78
2018-04-06 08:49:00 UTC,bitfinex,USD-ETH,368.78,368.79,368.78,368.79
2018-04-06 08:50:00 UTC,bitfinex,USD-ETH,368.79,369.12,368.78,369.12
2018-04-06 08:51:00 UTC,bitfinex,USD-ETH,369.12,369.16,368.83,369.16
2018-04-06 08:52:00 UTC,bitfinex,USD-ETH,369.16,369.16,368.6,368.61
2018-04-06 08:53:00 UTC,bitfinex,USD-ETH,368.61,368.61,368.61,368.61
2018-04-06 08:54:00 UTC,bitfinex,USD-ETH,368.61,369.15,368.6,369.15
2018-04-06 08:55:00 UTC,bitfinex,USD-ETH,369.16,369.16,369.15,369.16
2018-04-06 08:56:00 UTC,bitfinex,USD-ETH,369.16,370.38,369.16,370.36
2018-04-06 08:57:00 UTC,bitfinex,USD-ETH,370.36,370.63,370.01,370.26
2018-04-06 08:58:00 UTC,bitfinex,USD-ETH,370.26,370.26,370.19,370.19
2018-04-06 08:59:00 UTC,bitfinex,USD-ETH,370.19,370.2,369.9,369.9
2018-04-06 09:00:00 UTC,bitfinex,USD-ETH,369.9,369.90825688,369.9,369.9
2018-04-06 09:01:00 UTC,bitfinex,USD-ETH,369.9,369.91,369.9,369.9
2018-04-06 09:02:00 UTC,bitfinex,USD-ETH,369.9,369.90825688,369.71,369.71
2018-04-06 09:03:00 UTC,bitfinex,USD-ETH,369.71,369.71,369.71,369.71
2018-04-06 09:04:00 UTC,bitfinex,USD-ETH,369.71,369.71,369.7,369.7
2018-04-06 09:05:00 UTC,bitfinex,USD-ETH,369.7,369.71,369.7,369.71
2018-04-06 09:06:00 UTC,bitfinex,USD-ETH,369.71,369.71,369.71,369.71
2018-04-06 09:07:00 UTC,bitfinex,USD-ETH,369.71,369.71,368.97,368.97
2018-04-06 09:08:00 UTC,bitfinex,USD-ETH,368.97,368.97,368.86,368.91
2018-04-06 09:09:00 UTC,bitfinex,USD-ETH,368.91,368.91,368.91,368.91
2018-04-06 09:10:00 UTC,bitfinex,USD-ETH,368.91,368.91,368.9,368.91
2018-04-06 09:11:00 UTC,bitfinex,USD-ETH,368.91,369.4,368.91,369.32
2018-04-06 09:12:00 UTC,bitfinex,USD-ETH,369.32,369.32,369.31,369.32
2018-04-06 09:13:00 UTC,bitfinex,USD-ETH,369.32,369.32,369.31,369.31
2018-04-06 09:14:00 UTC,bitfinex,USD-ETH,369.31,369.32,369.31,369.32
2018-04-06 09:15:00 UTC,bitfinex,USD-ETH,369.32,369.69,369.31,369.69
2018-04-06 09:16:00 UTC,bitfinex,USD-ETH,369.69,369.79,369.69,369.72
2018-04-06 09:17:00 UTC,bitfinex,USD-ETH,369.72,369.74,369.72,369.73
2018-04-06 09:18:00 UTC,bitfinex,USD-ETH,369.73,369.74,369.73,369.73
2018-04-06 09:19:00 UTC,bitfinex,USD-ETH,369.73,369.73,369.73,369.73
2018-04-06 09:20:00 UTC,bitfinex,USD-ETH,369.73,369.74,369.73,369.73
2018-04-06 09:21:00 UTC,bitfinex,USD-ETH,369.73,369.73,369.73,369.73
2018-04-06 09:22:00 UTC,bitfinex,USD-ETH,369.73,369.74,369.73,369.73
2018-04-06 09:23:00 UTC,bitfinex,USD-ETH,369.73,369.73,369.03,369.03
2018-04-06 09:24:00 UTC,bitfinex,USD-ETH,369.03,369.04,369.03,369.04
2018-04-06 09:25:00 UTC,bitfinex,USD-ETH,369.04,369.04,369.03,369.04
2018-04-06 09:26:00 UTC,bitfinex,USD-ETH,369.04,369.04,368.73,368.73
2018-04-06 09:27:00 UTC,bitfinex,USD-ETH,368.73,368.73,367.85,367.85
2018-04-06 09:28:00 UTC,bitfinex,USD-ETH,367.85,369.14,367.85,368.1763583
2018-04-06 09:29:00 UTC,bitfinex,USD-ETH,368.1763583,369.02,368.1763583,369.02
2018-04-06 09:30:00 UTC,bitfinex,USD-ETH,369.02,369.02,369.01,369.01
2018-04-06 09:31:00 UTC,bitfinex,USD-ETH,369.01,369.02,369.01,369.02
2018-04-06 09:32:00 UTC,bitfinex,USD-ETH,369.01,369.65,369.01,369.02122074
2018-04-06 09:33:00 UTC,bitfinex,USD-ETH,369.02122074,369.65,369.02122074,369.21
2018-04-06 09:34:00 UTC,bitfinex,USD-ETH,369.21,369.39,369.21,369.39
2018-04-06 09:35:00 UTC,bitfinex,USD-ETH,369.39,369.39,369.24,369.26
2018-04-06 09:36:00 UTC,bitfinex,USD-ETH,369.26,369.9,369.26,369.83
2018-04-06 09:37:00 UTC,bitfinex,USD-ETH,369.83,370.13,369.55,369.56
2018-04-06 09:38:00 UTC,bitfinex,USD-ETH,369.55,370.19,369.55,370.04
2018-04-06 09:39:00 UTC,bitfinex,USD-ETH,370.04,370.15,370.04,370.15
2018-04-06 09:40:00 UTC,bitfinex,USD-ETH,370.15,370.15,370.0,370.01
2018-04-06 09:41:00 UTC,bitfinex,USD-ETH,370.01,370.01,370.0,370.01
2018-04-06 09:42:00 UTC,bitfinex,USD-ETH,370.01,370.01,370.0,370.01
2018-04-06 09:43:00 UTC,bitfinex,USD-ETH,370.01,370.01,370.0,370
2018-04-06 09:44:00 UTC,bitfinex,USD-ETH,370,370.01,370.0,370.01
2018-04-06 09:45:00 UTC,bitfinex,USD-ETH,370.01,370.01,370.0,370
2018-04-06 09:46:00 UTC,bitfinex,USD-ETH,370,370.01,370.0,370.01
2018-04-06 09:47:00 UTC,bitfinex,USD-ETH,370.01,370.27,370.01,370.27
2018-04-06 09:48:00 UTC,bitfinex,USD-ETH,370.27,370.28,370.27,370.28
2018-04-06 09:49:00 UTC,bitfinex,USD-ETH,370.28,370.28,370.27,370.27
2018-04-06 09:50:00 UTC,bitfinex,USD-ETH,370.27,370.28,370.27,370.28
2018-04-06 09:51:00 UTC,bitfinex,USD-ETH,370.28,370.28,370.27,370.27
2018-04-06 09:52:00 UTC,bitfinex,USD-ETH,370.27,370.6,370.27,370.42
2018-04-06 09:53:00 UTC,bitfinex,USD-ETH,370.42,370.43,370.33,370.33
2018-04-06 09:54:00 UTC,bitfinex,USD-ETH,370.33,370.33,369.35,370.01
2018-04-06 09:55:00 UTC,bitfinex,USD-ETH,370.01,370.01,370.01,370.01
2018-04-06 09:56:00 UTC,bitfinex,USD-ETH,370.01,370.01,370.01,370.01
2018-04-06 09:57:00 UTC,bitfinex,USD-ETH,370.01,370.02,370.01,370.02
2018-04-06 09:58:00 UTC,bitfinex,USD-ETH,370.02,370.02,370.01,370.01
2018-04-06 09:59:00 UTC,bitfinex,USD-ETH,370.01,370.02,370.01,370.01
2018-04-06 10:00:00 UTC,bitfinex,USD-ETH,370.01,370.01,370.0,370
2018-04-06 10:01:00 UTC,bitfinex,USD-ETH,370,370.01,370.0,370
2018-04-06 10:02:00 UTC,bitfinex,USD-ETH,370,370.01,370.0,370
2018-04-06 10:03:00 UTC,bitfinex,USD-ETH,370,370.0,369.0,369.41
2018-04-06 10:04:00 UTC,bitfinex,USD-ETH,369.41,369.41,369.4,369.41
2018-04-06 10:05:00 UTC,bitfinex,USD-ETH,369.41,370.0,369.4,369.99
2018-04-06 10:06:00 UTC,bitfinex,USD-ETH,369.99,370.0,369.99,370
2018-04-06 10:07:00 UTC,bitfinex,USD-ETH,370,370.0,369.99,370
2018-04-06 10:08:00 UTC,bitfinex,USD-ETH,370,370.0,369.75,369.75
2018-04-06 10:09:00 UTC,bitfinex,USD-ETH,369.75,369.75,369.51,369.51
2018-04-06 10:10:00 UTC,bitfinex,USD-ETH,369.51,369.51,369.5,369.5
2018-04-06 10:11:00 UTC,bitfinex,USD-ETH,369.5,369.5,368.85,368.85
2018-04-06 10:12:00 UTC,bitfinex,USD-ETH,368.85,369.29,368.85,369.29
2018-04-06 10:13:00 UTC,bitfinex,USD-ETH,369.29,369.31,369.29,369.3
2018-04-06 10:14:00 UTC,bitfinex,USD-ETH,369.3,369.31,369.3,369.3
2018-04-06 10:15:00 UTC,bitfinex,USD-ETH,369.3,369.3,369.3,369.3
2018-04-06 10:16:00 UTC,bitfinex,USD-ETH,369.3,369.67,369.02,369.67
2018-04-06 10:17:00 UTC,bitfinex,USD-ETH,369.67,369.67,369.63,369.63
2018-04-06 10:18:00 UTC,bitfinex,USD-ETH,369.63,369.63,369.63,369.63
2018-04-06 10:19:00 UTC,bitfinex,USD-ETH,369.63,369.63,369.63,369.63
2018-04-06 10:20:00 UTC,bitfinex,USD-ETH,369.63,370.01,369.63,370
2018-04-06 10:21:00 UTC,bitfinex,USD-ETH,370,370.01,370.0,370
2018-04-06 10:22:00 UTC,bitfinex,USD-ETH,370,370.0,369.48,369.48
2018-04-06 10:23:00 UTC,bitfinex,USD-ETH,369.44,369.44,369.43,369.44
2018-04-06 10:24:00 UTC,bitfinex,USD-ETH,369.44,369.44,369.43,369.43
2018-04-06 10:25:00 UTC,bitfinex,USD-ETH,369.43,369.44,369.43,369.44
2018-04-06 10:26:00 UTC,bitfinex,USD-ETH,369.44,369.44,369.44,369.44
2018-04-06 10:27:00 UTC,bitfinex,USD-ETH,369.44,369.44,369.44,369.44
2018-04-06 10:28:00 UTC,bitfinex,USD-ETH,369.44,369.44,369.43,369.44
2018-04-06 10:29:00 UTC,bitfinex,USD-ETH,369.44,369.44,369.43,369.43
2018-04-06 10:30:00 UTC,bitfinex,USD-ETH,369.43,369.43,368.79,368.79
2018-04-06 10:31:00 UTC,bitfinex,USD-ETH,368.79,368.8,368.79,368.79
2018-04-06 10:32:00 UTC,bitfinex,USD-ETH,368.79,368.79,368.07,368.44
2018-04-06 10:33:00 UTC,bitfinex,USD-ETH,368.44,368.45,368.44,368.45
2018-04-06 10:34:00 UTC,bitfinex,USD-ETH,368.45,368.45,368.44,368.45
2018-04-06 10:35:00 UTC,bitfinex,USD-ETH,368.45,368.45,367.8,367.92
2018-04-06 10:36:00 UTC,bitfinex,USD-ETH,367.92,367.92,367.6,367.9
2018-04-06 10:37:00 UTC,bitfinex,USD-ETH,367.9,368.35,367.9,368.34
2018-04-06 10:38:00 UTC,bitfinex,USD-ETH,368.34,368.34,368.1,368.1
2018-04-06 10:39:00 UTC,bitfinex,USD-ETH,368.1,368.11,368.1,368.11
2018-04-06 10:40:00 UTC,bitfinex,USD-ETH,368.11,368.11,368.1,368.1
2018-04-06 10:41:00 UTC,bitfinex,USD-ETH,368.1,368.11,368.1,368.11
2018-04-06 10:42:00 UTC,bitfinex,USD-ETH,368.11,368.11,368.1,368.1
2018-04-06 10:43:00 UTC,bitfinex,USD-ETH,368.1,368.11,367.71,367.71
2018-04-06 10:44:00 UTC,bitfinex,USD-ETH,367.71,367.72,367.71,367.72
2018-04-06 10:45:00 UTC,bitfinex,USD-ETH,367.72,367.72,367.71,367.71
2018-04-06 10:46:00 UTC,bitfinex,USD-ETH,367.71,367.72,367.71,367.72
2018-04-06 10:47:00 UTC,bitfinex,USD-ETH,367.72,367.72,366.8,367
2018-04-06 10:48:00 UTC,bitfinex,USD-ETH,367,367.76,366.8,367
2018-04-06 10:49:00 UTC,bitfinex,USD-ETH,367,367.01,365.66,366.05
2018-04-06 10:50:00 UTC,bitfinex,USD-ETH,366.05,366.3,366.04,366.3
2018-04-06 10:51:00 UTC,bitfinex,USD-ETH,366.3,366.31,364.68,365.55
2018-04-06 10:52:00 UTC,bitfinex,USD-ETH,365.55,365.66,364.49,364.5
2018-04-06 10:53:00 UTC,bitfinex,USD-ETH,364.5,365.79,364.5,365.71
2018-04-06 10:54:00 UTC,bitfinex,USD-ETH,365.71,366.0,365.62,365.81
2018-04-06 10:55:00 UTC,bitfinex,USD-ETH,365.81,365.81,365.42137208,365.54
2018-04-06 10:56:00 UTC,bitfinex,USD-ETH,365.54,365.54,364.42,364.49
2018-04-06 10:57:00 UTC,bitfinex,USD-ETH,364.49,364.49,364.3,364.3
2018-04-06 10:58:00 UTC,bitfinex,USD-ETH,364.3,364.3,363.28,363.82
2018-04-06 10:59:00 UTC,bitfinex,USD-ETH,363.82,363.83,363.03,363.04
2018-04-06 11:00:00 UTC,bitfinex,USD-ETH,363.04,363.95,363.04,363.72
2018-04-06 11:01:00 UTC,bitfinex,USD-ETH,363.72,363.87,363.72,363.87
2018-04-06 11:02:00 UTC,bitfinex,USD-ETH,363.87,365.03,363.0,365.01
2018-04-06 11:03:00 UTC,bitfinex,USD-ETH,365.01,365.7,365.01,365.69
2018-04-06 11:04:00 UTC,bitfinex,USD-ETH,365.69,365.83,365.59,365.59
2018-04-06 11:05:00 UTC,bitfinex,USD-ETH,365.59,366.11,365.59,365.82
2018-04-06 11:06:00 UTC,bitfinex,USD-ETH,365.82,366.33,365.79,366.32
2018-04-06 11:07:00 UTC,bitfinex,USD-ETH,366.32,369.18,366.32,368.52
2018-04-06 11:08:00 UTC,bitfinex,USD-ETH,368.52,370.0,368.52,369.57
2018-04-06 11:09:00 UTC,bitfinex,USD-ETH,369.57,369.97628263,368.67,368.69
2018-04-06 11:10:00 UTC,bitfinex,USD-ETH,368.69,369.68,368.22,369.07
2018-04-06 11:11:00 UTC,bitfinex,USD-ETH,369.55,369.68,369.37,369.37
2018-04-06 11:12:00 UTC,bitfinex,USD-ETH,369.37,369.89,369.37,369.89
2018-04-06 11:13:00 UTC,bitfinex,USD-ETH,369.89,370.4,369.89,370.28
2018-04-06 11:14:00 UTC,bitfinex,USD-ETH,369.34,369.35,369.31,369.32
2018-04-06 11:15:00 UTC,bitfinex,USD-ETH,369.32,369.6,369.32,369.48
2018-04-06 11:16:00 UTC,bitfinex,USD-ETH,369.48,369.48,367.98,368.44
2018-04-06 11:17:00 UTC,bitfinex,USD-ETH,368.44,368.44,368.29,368.35
2018-04-06 11:18:00 UTC,bitfinex,USD-ETH,368.35,368.35,368.34,368.35
2018-04-06 11:19:00 UTC,bitfinex,USD-ETH,368.35,368.65388924,367.85,368.62
2018-04-06 11:20:00 UTC,bitfinex,USD-ETH,368.62,368.62,367.88,367.99
2018-04-06 11:21:00 UTC,bitfinex,USD-ETH,367.99,368.35,367.96,368.35
2018-04-06 11:22:00 UTC,bitfinex,USD-ETH,368.35,368.69,368.35,368.67
2018-04-06 11:23:00 UTC,bitfinex,USD-ETH,368.67,368.67,368.04,368.04
2018-04-06 11:24:00 UTC,bitfinex,USD-ETH,368.04,368.04,368.02,368.02
2018-04-06 11:25:00 UTC,bitfinex,USD-ETH,368.02,368.67,368.02,368.63
2018-04-06 11:26:00 UTC,bitfinex,USD-ETH,368.63,369.63,368.63,369.08
2018-04-06 11:27:00 UTC,bitfinex,USD-ETH,369.08,369.08,368.74,368.74
2018-04-06 11:28:00 UTC,bitfinex,USD-ETH,368.74,368.91,368.74,368.91
2018-04-06 11:29:00 UTC,bitfinex,USD-ETH,368.91,368.92,368.79,368.8
2018-04-06 11:30:00 UTC,bitfinex,USD-ETH,368.8,369.55,368.74,368.75
2018-04-06 11:31:00 UTC,bitfinex,USD-ETH,368.75,368.79,368.75,368.79
2018-04-06 11:32:00 UTC,bitfinex,USD-ETH,368.79,369.37,368.79,369.37
2018-04-06 11:33:00 UTC,bitfinex,USD-ETH,369.37,369.38,369.37,369.37
2018-04-06 11:34:00 UTC,bitfinex,USD-ETH,369.37,369.37,369.37,369.37
2018-04-06 11:35:00 UTC,bitfinex,USD-ETH,369.37,369.38,368.74,368.75
2018-04-06 11:36:00 UTC,bitfinex,USD-ETH,368.75,368.75,367.66,367.9
2018-04-06 11:37:00 UTC,bitfinex,USD-ETH,367.9,368.4,367.9,368.03
2018-04-06 11:38:00 UTC,bitfinex,USD-ETH,368.03,368.15,367.89,367.89
2018-04-06 11:39:00 UTC,bitfinex,USD-ETH,367.89,367.89,367.86,367.87
2018-04-06 11:40:00 UTC,bitfinex,USD-ETH,367.87,367.87,367.86,367.86
2018-04-06 11:41:00 UTC,bitfinex,USD-ETH,367.86,367.87,367.86,367.87
2018-04-06 11:42:00 UTC,bitfinex,USD-ETH,367.87,367.87,367.86,367.87
2018-04-06 11:43:00 UTC,bitfinex,USD-ETH,367.87,368.11,367.86,367.88
2018-04-06 11:44:00 UTC,bitfinex,USD-ETH,367.88,367.89,367.88,367.88
2018-04-06 11:45:00 UTC,bitfinex,USD-ETH,367.88,367.89,367.88,367.88
2018-04-06 11:46:00 UTC,bitfinex,USD-ETH,367.88,368.46,367.88,368.45
2018-04-06 11:47:00 UTC,bitfinex,USD-ETH,368.45,368.46,368.45,368.46
2018-04-06 11:48:00 UTC,bitfinex,USD-ETH,368.46,368.99,368.46,368.98
2018-04-06 11:49:00 UTC,bitfinex,USD-ETH,368.98,368.98,368.52,368.52
2018-04-06 11:50:00 UTC,bitfinex,USD-ETH,368.99,368.99,368.61,368.76
2018-04-06 11:51:00 UTC,bitfinex,USD-ETH,368.76,368.77,368.76,368.76
2018-04-06 11:52:00 UTC,bitfinex,USD-ETH,368.76,368.76,368.76,368.76
2018-04-06 11:53:00 UTC,bitfinex,USD-ETH,368.76,368.76,368.41,368.41
2018-04-06 11:54:00 UTC,bitfinex,USD-ETH,368.41,368.42,368.41,368.42
2018-04-06 11:55:00 UTC,bitfinex,USD-ETH,368.42,368.42,368.41,368.42
2018-04-06 11:56:00 UTC,bitfinex,USD-ETH,368.42,368.42,368.42,368.42
2018-04-06 11:57:00 UTC,bitfinex,USD-ETH,368.42,368.72,368.42,368.72
2018-04-06 11:58:00 UTC,bitfinex,USD-ETH,368.72,368.77,368.72,368.76
2018-04-06 11:59:00 UTC,bitfinex,USD-ETH,368.76,368.77,368.76,368.76
2018-04-06 12:00:00 UTC,bitfinex,USD-ETH,368.76,368.76,368.49,368.49
2018-04-06 12:01:00 UTC,bitfinex,USD-ETH,368.49,368.49,368.49,368.49
2018-04-06 12:02:00 UTC,bitfinex,USD-ETH,368.49,368.49,368.49,368.49
2018-04-06 12:03:00 UTC,bitfinex,USD-ETH,368.49,368.5,368.49,368.49
2018-04-06 12:04:00 UTC,bitfinex,USD-ETH,368.5,368.5,368.49,368.5
2018-04-06 12:05:00 UTC,bitfinex,USD-ETH,368.5,368.5,368.49,368.49
2018-04-06 12:06:00 UTC,bitfinex,USD-ETH,368.49,368.5,368.49,368.5
2018-04-06 12:07:00 UTC,bitfinex,USD-ETH,368.5,368.5,366.9,367.74
2018-04-06 12:08:00 UTC,bitfinex,USD-ETH,367.74,367.75,366.22127179,366.42
2018-04-06 12:09:00 UTC,bitfinex,USD-ETH,366.42,366.42,366.15,366.16
2018-04-06 12:10:00 UTC,bitfinex,USD-ETH,366.16,367.05,366.16,366.96
2018-04-06 12:11:00 UTC,bitfinex,USD-ETH,366.96,367.23,366.96,367.22
2018-04-06 12:12:00 UTC,bitfinex,USD-ETH,367.22,367.23,367.0,367
2018-04-06 12:13:00 UTC,bitfinex,USD-ETH,367,367.02,366.87,367.02
2018-04-06 12:14:00 UTC,bitfinex,USD-ETH,367.02,367.54,367.02,367.53
2018-04-06 12:15:00 UTC,bitfinex,USD-ETH,367.53,367.54,367.53,367.53
2018-04-06 12:16:00 UTC,bitfinex,USD-ETH,367.53,367.54,367.53,367.53
2018-04-06 12:17:00 UTC,bitfinex,USD-ETH,367.53,367.53,367.17,367.23
2018-04-06 12:18:00 UTC,bitfinex,USD-ETH,367.23,367.23,367.22,367.23
2018-04-06 12:19:00 UTC,bitfinex,USD-ETH,367.23,367.23,367.22,367.22
2018-04-06 12:20:00 UTC,bitfinex,USD-ETH,367.22,367.23,367.06,367.11
2018-04-06 12:21:00 UTC,bitfinex,USD-ETH,367.11,367.11,367.03,367.05
2018-04-06 12:22:00 UTC,bitfinex,USD-ETH,367.05,367.06,367.05,367.06
2018-04-06 12:23:00 UTC,bitfinex,USD-ETH,367.06,367.06,366.50265108,366.50265108
2018-04-06 12:24:00 UTC,bitfinex,USD-ETH,366.50265108,366.79,365.84,365.95
2018-04-06 12:25:00 UTC,bitfinex,USD-ETH,365.95,365.99,365.84,365.9
2018-04-06 12:26:00 UTC,bitfinex,USD-ETH,365.9,365.9,364.56,365.62
2018-04-06 12:27:00 UTC,bitfinex,USD-ETH,365.62,365.93989249,365.42,365.64
2018-04-06 12:28:00 UTC,bitfinex,USD-ETH,365.64,365.88,365.64,365.88
2018-04-06 12:29:00 UTC,bitfinex,USD-ETH,365.88,365.88,365.87,365.88
2018-04-06 12:30:00 UTC,bitfinex,USD-ETH,365.88,366.19,365.87,366.19
2018-04-06 12:31:00 UTC,bitfinex,USD-ETH,366.19,368.48,366.19,368.47
2018-04-06 12:32:00 UTC,bitfinex,USD-ETH,368.47,368.47,366.97,367.98
2018-04-06 12:33:00 UTC,bitfinex,USD-ETH,367.98,368.46,367.35,367.41
2018-04-06 12:34:00 UTC,bitfinex,USD-ETH,367.41,367.41,367.39,367.4
2018-04-06 12:35:00 UTC,bitfinex,USD-ETH,367.4,367.66,367.39,367.58
2018-04-06 12:36:00 UTC,bitfinex,USD-ETH,367.58,367.58,367.34,367.34
2018-04-06 12:37:00 UTC,bitfinex,USD-ETH,367.34,367.35,367.34,367.35
2018-04-06 12:38:00 UTC,bitfinex,USD-ETH,367.35,367.35,367.34,367.35
2018-04-06 12:39:00 UTC,bitfinex,USD-ETH,367.35,367.82,367.35,367.8
2018-04-06 12:40:00 UTC,bitfinex,USD-ETH,367.8,368.06,367.8,368.06
2018-04-06 12:41:00 UTC,bitfinex,USD-ETH,368.06,368.06,368.05,368.05
2018-04-06 12:42:00 UTC,bitfinex,USD-ETH,368.05,368.06,368.05,368.05
2018-04-06 12:43:00 UTC,bitfinex,USD-ETH,368.05,368.05,367.37,367.59
2018-04-06 12:44:00 UTC,bitfinex,USD-ETH,367.59,367.59,367.53,367.53
2018-04-06 12:45:00 UTC,bitfinex,USD-ETH,367.53,367.54,367.53,367.53
2018-04-06 12:46:00 UTC,bitfinex,USD-ETH,367.53,367.8,367.53,367.79
2018-04-06 12:47:00 UTC,bitfinex,USD-ETH,367.79,367.79,366.6,366.62
2018-04-06 12:48:00 UTC,bitfinex,USD-ETH,366.62,366.95,366.29,366.44
2018-04-06 12:49:00 UTC,bitfinex,USD-ETH,366.44,367.12,366.36,367.12
2018-04-06 12:50:00 UTC,bitfinex,USD-ETH,367.12,367.12,366.42,366.54
2018-04-06 12:51:00 UTC,bitfinex,USD-ETH,366.54,366.54,366.53,366.54
2018-04-06 12:52:00 UTC,bitfinex,USD-ETH,366.54,366.54,366.53,366.54
2018-04-06 12:53:00 UTC,bitfinex,USD-ETH,366.54,366.54,366.54,366.54
2018-04-06 12:54:00 UTC,bitfinex,USD-ETH,366.54,367.27,366.53,367.27
2018-04-06 12:55:00 UTC,bitfinex,USD-ETH,367.27,367.3,367.27,367.29
2018-04-06 12:56:00 UTC,bitfinex,USD-ETH,367.29,367.43,367.29,367.43
2018-04-06 12:57:00 UTC,bitfinex,USD-ETH,367.43,367.56,367.28,367.37
2018-04-06 12:58:00 UTC,bitfinex,USD-ETH,367.37,367.37,367.3,367.3
2018-04-06 12:59:00 UTC,bitfinex,USD-ETH,367.3,367.3,367.3,367.3
2018-04-06 13:00:00 UTC,bitfinex,USD-ETH,367.3,367.5,367.21,367.21
2018-04-06 13:01:00 UTC,bitfinex,USD-ETH,367.21,367.21,366.78,366.82
2018-04-06 13:02:00 UTC,bitfinex,USD-ETH,366.82,366.82,366.81,366.82
2018-04-06 13:03:00 UTC,bitfinex,USD-ETH,366.82,366.82,366.79,366.79
2018-04-06 13:04:00 UTC,bitfinex,USD-ETH,366.79,366.8,366.79,366.79
2018-04-06 13:05:00 UTC,bitfinex,USD-ETH,366.8,366.8,366.79,366.79
2018-04-06 13:06:00 UTC,bitfinex,USD-ETH,366.79,367.18,366.39,366.87
2018-04-06 13:07:00 UTC,bitfinex,USD-ETH,367.08,367.08,365.96,366.93
2018-04-06 13:08:00 UTC,bitfinex,USD-ETH,366.93,366.93,366.93,366.93
2018-04-06 13:09:00 UTC,bitfinex,USD-ETH,366.93,366.94,366.93,366.93
2018-04-06 13:10:00 UTC,bitfinex,USD-ETH,366.93,366.94,366.93,366.94
2018-04-06 13:11:00 UTC,bitfinex,USD-ETH,366.94,367.51,366.94,367.51
2018-04-06 13:12:00 UTC,bitfinex,USD-ETH,367.51,367.51,367.5,367.5
2018-04-06 13:13:00 UTC,bitfinex,USD-ETH,367.5,367.51,367.5,367.5
2018-04-06 13:14:00 UTC,bitfinex,USD-ETH,367.5,367.51,367.5,367.51
2018-04-06 13:15:00 UTC,bitfinex,USD-ETH,367.51,367.51,366.95,366.96
2018-04-06 13:16:00 UTC,bitfinex,USD-ETH,366.96,366.96,366.95,366.95
2018-04-06 13:17:00 UTC,bitfinex,USD-ETH,366.95,366.98,366.95,366.98
2018-04-06 13:18:00 UTC,bitfinex,USD-ETH,366.98,367.17,366.98,367.17
2018-04-06 13:19:00 UTC,bitfinex,USD-ETH,367.17,367.17,367.16,367.16
2018-04-06 13:20:00 UTC,bitfinex,USD-ETH,367.16,367.17,367.16,367.16
2018-04-06 13:21:00 UTC,bitfinex,USD-ETH,367.16,367.17,367.16,367.17
2018-04-06 13:22:00 UTC,bitfinex,USD-ETH,367.17,367.17,367.16,367.16
2018-04-06 13:23:00 UTC,bitfinex,USD-ETH,367.16,367.17,367.16,367.16
2018-04-06 13:24:00 UTC,bitfinex,USD-ETH,367.16,367.17,367.16,367.17
2018-04-06 13:25:00 UTC,bitfinex,USD-ETH,367.17,367.58,367.16,367.57
2018-04-06 13:26:00 UTC,bitfinex,USD-ETH,367.57,367.57,367.57,367.57
2018-04-06 13:27:00 UTC,bitfinex,USD-ETH,367.57,367.58,367.21,367.22
2018-04-06 13:28:00 UTC,bitfinex,USD-ETH,367.22,367.22,365.53,366.1
2018-04-06 13:29:00 UTC,bitfinex,USD-ETH,366.1,366.1,366.01,366.06092641
2018-04-06 13:30:00 UTC,bitfinex,USD-ETH,366.06092641,366.07,366.06,366.06
2018-04-06 13:31:00 UTC,bitfinex,USD-ETH,366.06,366.07,366.06,366.07
2018-04-06 13:32:00 UTC,bitfinex,USD-ETH,366.07,366.62,366.06,366.62
2018-04-06 13:33:00 UTC,bitfinex,USD-ETH,366.64,366.88,366.63,366.87
2018-04-06 13:34:00 UTC,bitfinex,USD-ETH,366.87,366.89,365.0,365
2018-04-06 13:35:00 UTC,bitfinex,USD-ETH,365,365.0,364.99,365
2018-04-06 13:36:00 UTC,bitfinex,USD-ETH,365,365.39,364.99,365.37
2018-04-06 13:37:00 UTC,bitfinex,USD-ETH,365.37,365.37,365.36,365.36
2018-04-06 13:38:00 UTC,bitfinex,USD-ETH,365.36,365.38,364.94,365
2018-04-06 13:39:00 UTC,bitfinex,USD-ETH,365,365.16,365.0,365.16
2018-04-06 13:40:00 UTC,bitfinex,USD-ETH,365.16,365.16,365.15,365.16
2018-04-06 13:41:00 UTC,bitfinex,USD-ETH,365.16,365.45,365.16,365.31
2018-04-06 13:42:00 UTC,bitfinex,USD-ETH,365.31,365.46,365.31,365.46
2018-04-06 13:43:00 UTC,bitfinex,USD-ETH,365.46,365.58,365.46,365.57
2018-04-06 13:44:00 UTC,bitfinex,USD-ETH,365.57,365.96,365.57,365.92
2018-04-06 13:45:00 UTC,bitfinex,USD-ETH,365.92,365.94,365.92,365.92
2018-04-06 13:46:00 UTC,bitfinex,USD-ETH,365.92,366.16,365.91,366.16
2018-04-06 13:47:00 UTC,bitfinex,USD-ETH,366.16,367.18,366.16,367.15
2018-04-06 13:48:00 UTC,bitfinex,USD-ETH,367.15,368.23370566,367.15,368.07
2018-04-06 13:49:00 UTC,bitfinex,USD-ETH,368.07,368.08,367.07,367.07
2018-04-06 13:50:00 UTC,bitfinex,USD-ETH,367.07,367.08,367.07,367.07
2018-04-06 13:51:00 UTC,bitfinex,USD-ETH,367.08,367.47,367.08,367.47
2018-04-06 13:52:00 UTC,bitfinex,USD-ETH,367.47,367.47,367.47,367.47
2018-04-06 13:53:00 UTC,bitfinex,USD-ETH,367.47,367.47,367.47,367.47
2018-04-06 13:54:00 UTC,bitfinex,USD-ETH,367.47,367.47,367.46,367.47
2018-04-06 13:55:00 UTC,bitfinex,USD-ETH,367.47,368.31,367.47,368.31
2018-04-06 13:56:00 UTC,bitfinex,USD-ETH,368.31,368.46164806,368.3,368.46164806
2018-04-06 13:57:00 UTC,bitfinex,USD-ETH,368.46164806,368.46164806,368.00168931,368.46164806
2018-04-06 13:58:00 UTC,bitfinex,USD-ETH,368.46164806,368.46164806,367.9,367.9
2018-04-06 13:59:00 UTC,bitfinex,USD-ETH,367.9,368.30198134,367.9,368.27
2018-04-06 14:00:00 UTC,bitfinex,USD-ETH,368.27,368.28,367.09,367.1
2018-04-06 14:01:00 UTC,bitfinex,USD-ETH,367.1,367.71,367.1,367.33
2018-04-06 14:02:00 UTC,bitfinex,USD-ETH,367.33,367.98,367.33,367.98
2018-04-06 14:03:00 UTC,bitfinex,USD-ETH,367.98,367.98,367.97,367.97
2018-04-06 14:04:00 UTC,bitfinex,USD-ETH,367.97,367.97,367.97,367.97
2018-04-06 14:05:00 UTC,bitfinex,USD-ETH,367.97,367.97,367.48,367.48
2018-04-06 14:06:00 UTC,bitfinex,USD-ETH,367.48,368.08099745,367.45,368.08099745
2018-04-06 14:07:00 UTC,bitfinex,USD-ETH,368.08099745,368.08099745,367.47,367.47
2018-04-06 14:08:00 UTC,bitfinex,USD-ETH,367.47,368.08099745,367.47,367.79
2018-04-06 14:09:00 UTC,bitfinex,USD-ETH,367.79,367.92,367.58,367.58
2018-04-06 14:10:00 UTC,bitfinex,USD-ETH,367.58,367.66383899,367.37,367.41
2018-04-06 14:11:00 UTC,bitfinex,USD-ETH,367.41,367.45,367.41,367.45
2018-04-06 14:12:00 UTC,bitfinex,USD-ETH,367.45,367.46,367.45,367.46
2018-04-06 14:13:00 UTC,bitfinex,USD-ETH,367.46,367.46,366.97,367.3
2018-04-06 14:14:00 UTC,bitfinex,USD-ETH,367.3,367.63,367.3,367.63
2018-04-06 14:15:00 UTC,bitfinex,USD-ETH,367.63,367.63,367.63,367.63
2018-04-06 14:16:00 UTC,bitfinex,USD-ETH,367.63,367.63,367.63,367.63
2018-04-06 14:17:00 UTC,bitfinex,USD-ETH,367.63,367.63,367.62,367.62
2018-04-06 14:18:00 UTC,bitfinex,USD-ETH,367.62,367.63,367.62,367.63
2018-04-06 14:19:00 UTC,bitfinex,USD-ETH,367.63,367.63,367.62,367.63
2018-04-06 14:20:00 UTC,bitfinex,USD-ETH,367.63,367.63,367.62,367.62
2018-04-06 14:21:00 UTC,bitfinex,USD-ETH,367.62,367.63,367.61,367.63
2018-04-06 14:22:00 UTC,bitfinex,USD-ETH,367.63,367.63,367.62,367.62
2018-04-06 14:23:00 UTC,bitfinex,USD-ETH,367.62,368.08099745,367.62,367.91
2018-04-06 14:24:00 UTC,bitfinex,USD-ETH,367.91,367.91,367.62,367.63
2018-04-06 14:25:00 UTC,bitfinex,USD-ETH,367.63,367.63,367.62,367.63
2018-04-06 14:26:00 UTC,bitfinex,USD-ETH,367.63,367.63,367.63,367.63
2018-04-06 14:27:00 UTC,bitfinex,USD-ETH,367.63,368.08099745,367.62,368.08099745
2018-04-06 14:28:00 UTC,bitfinex,USD-ETH,368.08099745,368.08099745,368.08099745,368.08099745
2018-04-06 14:29:00 UTC,bitfinex,USD-ETH,368.08099745,368.08099745,368.08099745,368.08099745
2018-04-06 14:30:00 UTC,bitfinex,USD-ETH,368.08099745,368.08099745,368.08,368.08099745
2018-04-06 14:31:00 UTC,bitfinex,USD-ETH,368.08099745,368.44,368.08099745,368.44
2018-04-06 14:32:00 UTC,bitfinex,USD-ETH,368.44,368.5,368.11,368.12
2018-04-06 14:33:00 UTC,bitfinex,USD-ETH,368.12,368.51,368.12,368.51
2018-04-06 14:34:00 UTC,bitfinex,USD-ETH,368.51,368.51,368.5,368.5
2018-04-06 14:35:00 UTC,bitfinex,USD-ETH,368.5,368.51,368.5,368.51
2018-04-06 14:36:00 UTC,bitfinex,USD-ETH,368.51,368.51,368.51,368.51
2018-04-06 14:37:00 UTC,bitfinex,USD-ETH,368.51,368.51,368.5,368.5
2018-04-06 14:38:00 UTC,bitfinex,USD-ETH,368.5,368.5,368.5,368.5
2018-04-06 14:39:00 UTC,bitfinex,USD-ETH,368.5,368.51,368.0,368.03
2018-04-06 14:40:00 UTC,bitfinex,USD-ETH,368.03,368.04,367.0,367
2018-04-06 14:41:00 UTC,bitfinex,USD-ETH,367,367.01,366.96,367
2018-04-06 14:42:00 UTC,bitfinex,USD-ETH,367,367.01,367.0,367.01
2018-04-06 14:43:00 UTC,bitfinex,USD-ETH,367.01,367.63,367.01,367.62
2018-04-06 14:44:00 UTC,bitfinex,USD-ETH,367.62,367.62,367.23,367.24
2018-04-06 14:45:00 UTC,bitfinex,USD-ETH,367.24,367.24,366.5,366.5
2018-04-06 14:46:00 UTC,bitfinex,USD-ETH,366.5,366.5,366.49,366.5
2018-04-06 14:47:00 UTC,bitfinex,USD-ETH,366.5,366.5,366.49,366.5
2018-04-06 14:48:00 UTC,bitfinex,USD-ETH,366.5,366.5,365.97,366.49
2018-04-06 14:49:00 UTC,bitfinex,USD-ETH,366.49,366.49,366.0,366.19
2018-04-06 14:50:00 UTC,bitfinex,USD-ETH,366.19,366.19,366.03,366.06
2018-04-06 14:51:00 UTC,bitfinex,USD-ETH,366.06,366.06,366.05,366.06
2018-04-06 14:52:00 UTC,bitfinex,USD-ETH,366.06,366.06,366.06,366.06
2018-04-06 14:53:00 UTC,bitfinex,USD-ETH,366.06,366.06,366.05,366.05
2018-04-06 14:54:00 UTC,bitfinex,USD-ETH,366.05,366.06,366.05,366.06
2018-04-06 14:55:00 UTC,bitfinex,USD-ETH,366.06,366.06,366.05,366.05
2018-04-06 14:56:00 UTC,bitfinex,USD-ETH,366.05,366.06,365.66,365.66
2018-04-06 14:57:00 UTC,bitfinex,USD-ETH,365.66,365.81,365.61,365.8
2018-04-06 14:58:00 UTC,bitfinex,USD-ETH,365.8,365.84,365.79,365.8
2018-04-06 14:59:00 UTC,bitfinex,USD-ETH,365.8,365.8,365.79,365.8
